,Unnamed: 0,DebugRVA,DebugSize,Dll,ExportRVA,ExportSize,IATRVA,ImageVersion,LinkerVersion,NumberOfSections,OSVersion,ResSize,StackReserveSize,clean
0,0,0,1,602112,102,0,0,2,7,4,25088,0,0
1,0,0,0,0,0,28672,0,6,5,4,16328,1048576,0
2,0,0,32768,0,0,532480,0,10,4,5,136124,4194304,0
3,0,0,0,0,0,0,0,5,4,4,85399,1048576,0
4,0,0,32768,0,0,53248,0,9,4,5,27176,1048576,0
5,0,0,0,0,0,147456,0,7,4,4,49004,1048576,0
6,4752,28,1024,85584,884,4096,5,7,4,5,257776,262144,0
7,0,0,320,145632,277,122880,0,10,5,5,1540,1048576,0
8,0,0,32768,0,0,57344,0,9,4,5,436,1048576,0
9,0,0,0,0,0,21912,0,5,5,4,119096,1048576,0
10,0,0,34112,0,0,8192,0,8,3,4,16,1048576,0
11,0,0,1,500648,60,0,0,2,3,4,928,4096,0
12,0,0,0,0,0,368640,0,7,4,4,16384,4194304,0
13,0,0,320,189856,79,159744,0,10,4,5,0,1048576,0
14,0,0,33024,0,0,49152,0,10,5,5,67652,1048576,0
15,0,0,0,0,0,40960,0,6,4,4,16368,1048576,0
16,61440,28,0,0,0,74388,0,8,5,4,1072,1048576,0
17,0,0,0,0,0,57344,0,7,5,4,6160,1048576,0
18,0,0,0,0,0,4096,4,6,3,4,12500,1048576,0
19,0,0,33088,0,0,217088,0,11,5,5,143457,1048576,0
20,0,0,0,0,0,4096,0,8,3,4,1592,1048576,0
21,0,0,1024,0,0,4096,0,7,4,4,436,1048576,0
22,0,0,32768,0,0,0,0,10,3,5,18300,4194304,0
23,0,0,0,55088,76,53248,0,6,5,4,1040,1048576,0
24,0,0,0,0,0,4096,1,6,3,4,1580,1048576,0
25,0,0,32768,0,0,4096,0,9,3,5,2376,1048576,0
26,0,0,0,0,0,49152,0,6,6,4,106704,1048576,0
27,41312,28,0,0,0,40960,0,8,4,4,140424,1048576,0
28,0,0,32802,0,0,73728,0,10,5,5,3336,1048576,0
29,0,0,0,0,0,4096,1,6,3,4,2488,1048576,0
30,0,0,0,0,0,249856,0,7,4,4,29616,1048576,0
31,0,0,32768,0,0,155648,0,9,4,5,28392,1048576,0
32,0,0,0,0,0,0,1,6,5,4,2304,1048576,0
33,0,0,0,79844,64,0,0,6,9,4,5664,1048576,0
34,0,0,1024,0,0,77824,0,7,4,4,1292,1048576,0
35,0,0,0,0,0,3325952,0,2,12,5,11244,1048576,0
36,0,0,1,647168,190,0,0,2,7,4,39424,0,0
37,0,0,33088,0,0,241664,0,9,5,5,23692,1048576,0
38,0,0,0,0,0,0,0,2,8,4,21628,1048576,0
39,0,0,0,0,0,0,0,2,3,4,29056,1048576,0
40,0,0,0,0,0,661236,0,2,9,4,246280,1048576,0
41,12336,28,33024,0,0,12288,0,10,6,5,9820,1048576,0
42,0,0,0,0,0,4096,1,6,3,4,623165,1048576,0
43,115024,28,0,0,0,114688,0,7,4,4,1512,1048576,0
44,0,0,32768,0,0,81920,0,9,4,5,36532,1048576,0
45,0,0,0,0,0,270336,0,6,4,4,216392,1048576,0
46,70092,28,34112,0,0,8192,0,11,3,4,5896,1048576,0
47,0,0,33088,0,0,4096,0,8,5,5,4444,1081344,0
48,0,0,320,32928,67,28672,0,9,5,5,808,1048576,0
49,0,0,0,0,0,122880,0,6,3,4,3920,1048576,0
50,0,0,0,0,0,32768,0,5,4,4,74944,1048576,0
51,0,0,0,21248,70,20480,0,5,5,4,5872,1048576,0
52,0,0,0,0,0,32768,0,5,4,4,48520,1048576,0
53,0,0,0,0,0,32768,0,5,4,4,8856,1048576,0
54,0,0,32768,0,0,139264,0,9,4,5,17624,1048576,0
55,0,0,0,0,0,0,0,2,3,4,2668,1048576,0
56,0,0,0,0,0,0,1,6,5,4,2288,1048576,0
57,0,0,34112,0,0,8192,0,8,3,4,14848,1048576,0
58,0,0,0,0,0,4096,1,6,3,4,1880,1048576,0
59,0,0,33088,0,0,163840,0,11,5,5,1656,1048576,0
60,0,0,0,0,0,0,0,2,3,5,24996,1048576,0
61,0,0,33088,0,0,98304,0,9,5,5,10260,1048576,0
62,29072,28,33024,0,0,28672,0,10,5,5,2364,1048576,0
63,0,0,32768,0,0,0,0,10,3,5,89960,4194304,0
64,0,0,0,0,0,8192,0,6,3,4,139240,1048576,0
65,0,0,0,0,0,689052,0,2,7,5,268288,0,0
66,0,0,0,0,0,0,4,2,4,1,2800,1048576,0
67,0,0,0,0,0,0,0,2,3,4,3680,1048576,0
68,0,0,0,0,0,397312,0,8,6,5,89284,1048576,0
69,160736,28,33024,179968,51,159744,0,9,4,5,14876,1048576,0
70,0,0,0,0,0,0,0,2,3,4,4932,1048576,0
71,0,0,33024,0,0,53248,0,10,5,5,2600,1048576,0
72,0,0,32768,0,0,77824,0,9,4,5,4528,1048576,0
73,0,0,32768,0,0,77824,0,9,4,5,4528,1048576,0
74,0,0,1280,27648,168,16384,0,10,4,5,0,1048576,0
75,155776,28,0,0,0,155648,0,8,4,4,39568,1048576,0
76,0,0,32768,0,0,28672,6,6,5,4,2528,1048576,0
77,0,0,1,1635489,60,0,0,2,3,4,5261,4096,0
78,0,0,34112,0,0,8192,0,6,4,4,300132,1048576,0
79,0,0,0,0,0,0,0,2,3,4,192492,1048576,0
80,0,0,0,0,0,8192,0,6,4,4,187820,1048576,0
81,0,0,32768,323600,52,4096,1,10,4,5,656,1048576,0
82,0,0,32768,0,0,0,6,6,7,4,2728,1048576,0
83,0,0,0,0,0,0,0,6,7,0,163152,1048576,0
84,49152,28,34112,0,0,8192,0,11,4,4,12808,1048576,0
85,0,0,0,0,0,4096,3,6,3,4,2344,1048576,0
86,0,0,0,0,0,276828,0,6,6,4,196608,1048576,0
87,0,0,0,0,0,4096,1,6,3,4,10220,1048576,0
88,0,0,34112,0,0,8192,0,8,3,4,115712,1048576,0
89,0,0,34112,0,0,8192,0,8,3,4,1024,1048576,0
90,0,0,0,0,0,0,0,2,12,5,1220096,1048576,0
91,0,0,0,0,0,32768,0,6,4,4,3424,1048576,0
92,160752,28,33024,179984,51,159744,0,9,4,5,44816,1048576,0
93,0,0,0,0,0,0,11,6,2,4,10248,1048576,0
94,0,0,0,0,0,0,0,2,8,4,27648,1048576,0
95,0,0,0,0,0,4096,45,6,3,4,68320,1048576,0
96,0,0,0,0,0,8192,0,2,4,4,968,1048576,0
97,0,0,0,0,0,36864,4,5,4,5,23552,1048576,0
98,0,0,1024,0,0,4096,0,7,4,4,436,1048576,0
99,0,0,0,0,0,98484,5,1,4,1,762,4096,0
100,0,0,33792,157184,498,163840,0,10,6,5,3980,1048576,0
101,0,0,34112,0,0,8192,0,8,3,4,85736,1048576,0
102,0,0,0,0,0,0,0,7,3,4,4456,1048576,0
103,0,0,34112,0,0,8192,0,8,3,4,108066,1048576,0
104,0,0,32768,0,0,24576,0,9,4,5,193196,1048576,0
105,532768,28,0,0,0,532480,0,7,4,4,8336,1048576,0
106,0,0,0,0,0,3506176,0,7,4,4,97090,1048576,0
107,0,0,0,0,0,102400,5,7,5,4,1484,1048576,0
108,0,0,32768,0,0,81920,0,9,4,5,42844,1048576,0
109,0,0,32768,0,0,45056,0,9,4,5,39252,1048576,0
110,0,0,0,0,0,0,0,6,3,4,32768,1048576,0
111,4278190081,15,256,0,1,0,0,9,4,5,4160774892,1048576,0
112,0,0,0,0,0,110592,0,6,4,4,7096,1048576,0
113,0,0,0,0,0,102400,0,6,4,4,6904,1048576,0
114,0,0,0,0,0,57344,0,6,4,4,36520,1048576,0
115,0,0,0,0,0,65536,0,7,4,4,237576,1048576,0
116,78528,28,34048,84880,51,77824,0,9,5,5,16476,1048576,0
117,0,0,32768,0,0,53248,0,10,4,5,436,1048576,0
118,0,0,32769,0,0,1142784,0,10,5,1,16825228,1048576,0
119,128104,94,34112,0,0,8192,0,8,3,4,11968,1048576,0
120,0,0,33088,0,0,57344,0,10,5,5,25352,1048576,0
121,0,0,0,0,0,16384,0,6,4,4,6120,1048576,0
122,0,0,0,0,0,0,5,5,3,5,559104,1048576,0
123,0,0,0,0,0,4096,1,6,3,4,5396,1048576,0
124,114688,28,64,115024,437,127316,0,8,8,4,108568,1048576,0
125,0,0,16,0,13828097,235304,0,1,6,2,16711937,1048576,0
126,0,0,32,38656,59240,4096,45,6,3,4,15959265,1048576,0
127,0,0,1,282624,113,0,0,2,7,4,16896,0,0
128,0,0,1,245760,222,0,0,2,7,4,21504,0,0
129,0,0,0,0,0,12288,0,16,4,4,10776,1048576,0
130,0,0,0,0,0,40960,6,7,3,4,20024,1048576,0
131,0,0,0,0,0,0,4,6,4,4,7852,2097152,0
132,139712,28,64,156112,300,139264,0,8,6,4,29154,1048576,0
133,110976,28,32832,119872,537,110592,0,5,5,4,8656,1048576,0
134,0,0,0,85920,518,81920,0,8,4,4,0,1048576,0
135,0,0,0,0,0,0,0,4,3,4,2392,1048576,0
136,32768,28,34112,0,0,8192,0,8,4,4,502152,1048576,0
137,0,0,0,16777216,65536,0,0,170,4,4,36092,1048576,0
138,0,0,32768,0,0,36864,0,9,4,5,98444,1048576,0
139,0,0,0,0,0,4096,3,6,3,4,11270,1048576,0
140,0,0,51712,0,0,40960,0,0,4,4,4664,1048576,0
141,0,0,0,0,0,4096,4,6,3,4,15996,1048576,0
142,0,0,0,0,0,4096,8,6,3,4,3980,1048576,0
143,0,0,0,0,0,28672,0,6,4,4,11104,1048576,0
144,0,0,34112,0,0,8192,0,8,3,4,1536,1048576,0
145,0,0,34112,0,0,8192,0,8,3,4,1288,1048576,0
146,0,0,0,0,0,262144,0,6,4,4,25108,1048576,0
147,0,0,0,25440,70,24576,0,5,5,4,352,1048576,0
148,0,0,0,0,0,20480,0,6,4,4,249384,1048576,0
149,4320,28,0,0,0,4096,0,8,3,4,2016,1048576,0
150,0,0,0,0,0,28672,83,6,5,4,163840,1048576,0
151,0,0,0,0,0,45056,0,6,4,4,62112,1048576,0
152,4096,28,0,4432,349,561640,0,7,7,4,53832,1048576,0
153,0,0,0,0,0,16384,0,7,5,4,1344,1048576,0
154,20752,28,0,82624,81,20480,0,7,4,4,12016,1048576,0
155,0,0,0,0,0,82119,6,6,6,4,4224,1048576,0
156,0,0,0,0,0,4096,1,6,3,4,2432,1048576,0
157,0,0,32768,0,0,8192,0,9,6,5,29264,1048576,0
158,223528,28,34112,0,0,8192,0,11,3,4,1456,1048576,0
159,0,0,32768,0,0,36864,0,9,4,5,31024,1048576,0
160,0,0,32768,0,0,69632,0,9,4,5,21600,1048576,0
161,0,0,0,0,0,4096,4,6,3,4,16424,1048576,0
162,0,0,0,53248,73,57788,1,2,7,4,0,2097152,0
163,0,0,0,0,0,0,0,1,5,1,11660,4096,0
164,0,0,0,0,0,159744,0,7,4,4,4168,1048576,0
165,0,0,32768,0,0,249856,0,10,4,5,13520,1048576,0
166,0,0,34112,0,0,8192,0,8,3,4,166224,1048576,0
167,0,0,0,0,0,90112,0,6,4,4,18936,1048576,0
168,0,0,0,0,0,0,0,2,8,4,29236,1048576,0
169,0,0,256,0,0,24576,0,10,5,5,36580,1048576,0
170,579792,28,32832,0,0,577536,0,11,5,5,798148,4194304,0
171,0,0,0,0,0,33676,0,2,5,4,3420,1048576,0
172,0,0,32768,0,0,65536,0,9,5,5,61248,1048576,0
173,0,0,320,153760,1985,135168,0,10,6,5,27472,1048576,0
174,0,0,0,0,0,8192,0,6,4,4,0,1048576,0
175,0,0,32769,0,16843009,4096,0,9,3,1,22916,1048576,0
176,557916,28,34112,0,0,8192,0,6,4,4,139240,1048576,0
177,0,0,0,0,0,139264,0,8,4,4,936,1048576,0
178,4480,28,1024,4241,1,53412,0,9,7,5,119208,1048576,0
179,0,0,0,0,0,12288,0,6,4,4,6352,1048576,0
180,119264,28,32768,144144,174,118784,0,10,5,4,6248,1048576,0
181,0,0,0,0,0,20480,0,6,4,4,16,1048576,0
182,0,0,0,36672,129,4096,0,8,4,4,0,1048576,0
183,0,0,0,0,0,349908,9,9,3,5,5692,2097152,0
184,0,0,0,0,0,24576,0,1,4,4,61480,1048576,0
185,184092,30,0,0,0,110592,0,11,5,5,1484,1048576,0
186,127696,28,0,0,0,200704,0,0,5,4,66108,1048576,0
187,0,0,0,0,0,65536,0,6,5,4,5248,1048576,0
188,78528,28,34048,84864,51,77824,0,9,5,5,16656,1048576,0
189,0,0,32768,0,0,45056,0,9,4,5,690244,1048576,0
190,0,0,34112,0,0,8192,0,8,3,4,2048,1048576,0
191,0,0,0,0,0,4096,5,6,3,4,2896,1048576,0
192,0,0,0,0,0,4096,1,6,3,4,1748,1048576,0
193,0,0,0,0,0,8192,0,6,3,4,0,1048576,0
194,0,0,0,14665,97,14621,0,47,5,13,11460,1048576,0
195,0,0,0,0,0,29332,0,2,5,4,3420,1048576,0
196,5568,28,0,89824,66,4096,0,8,6,4,0,1048576,0
197,0,0,33088,0,0,151552,16,12,6,5,15256,1048576,0
198,0,0,0,0,0,12288,1,5,3,4,11632,1048576,0
199,0,0,0,0,0,360784,0,2,4,4,496,1048576,0
200,0,0,320,0,0,8192,6,12,5,6,1240,1048576,0
201,0,0,0,0,0,28672,0,1,3,4,0,1048576,0
202,0,0,320,123984,1107,106496,0,10,6,5,38016,1048576,0
203,0,0,0,0,0,74389,0,6,4,4,125840,1048576,0
204,173008,28,33024,192288,51,172032,0,9,4,5,17544,1048576,0
205,24720,28,256,0,0,24576,0,6,4,5,4096,1048576,0
206,49408,28,0,0,0,49152,0,6,4,4,608,1048576,0
207,0,0,352,0,0,86016,0,11,7,5,480,1048576,0
208,0,0,0,0,0,53248,0,6,4,4,102600,1048576,0
209,0,0,0,0,0,376832,0,6,4,4,214552,1048576,0
210,0,0,32768,0,0,4096,0,12,4,5,512,1048576,0
211,0,0,32768,0,0,0,0,10,3,5,148812,1048576,0
212,0,0,0,0,0,21364,0,2,6,4,150476,1048576,0
213,0,0,0,0,0,36864,4,5,5,4,64272,1048576,0
214,0,0,32768,0,0,40960,0,10,6,5,768,1048576,0
215,0,0,32768,0,0,86016,0,9,4,5,61900,1048576,0
216,0,0,0,0,0,66636,0,6,6,4,93468,1048576,0
217,0,0,0,0,0,53248,0,7,4,4,664,1048576,0
218,0,0,0,0,0,1136884,0,2,10,5,65024,1048576,0
219,0,0,0,0,0,29576,0,2,5,4,10504,1048576,0
220,0,0,0,0,0,4096,6,6,3,4,94500,1048576,0
221,0,0,0,0,0,81136,0,2,3,4,0,1048576,0
222,112348,28,0,0,0,106496,0,6,5,4,137872,1048576,0
223,0,0,33024,0,0,16384,4,10,4,5,18744,323584,0
224,4224,28,32832,184336,179,4096,0,10,5,4,2472,1048576,0
225,21568,28,0,26224,504,20480,0,6,5,4,191640,1048576,0
226,0,0,32768,0,0,102400,0,9,4,5,23708,1048576,0
227,0,0,0,359280,209,28672,0,8,4,4,0,1048576,0
228,0,0,0,0,0,118784,0,6,4,4,42792,1048576,0
229,0,0,64,50736,98,0,0,11,4,5,0,1048576,0
230,0,0,64,0,0,8192,0,8,4,4,6628,1048576,0
231,165256,28,0,0,0,114688,5,7,6,4,940,1048576,0
232,0,0,34112,0,0,8192,0,8,3,4,832,1048576,0
233,0,0,0,0,0,0,0,2,3,4,11892,1048576,0
234,36864,28,0,69632,241,18894,0,11,6,5,204,1048576,0
235,0,0,320,173296,63,135168,0,12,5,5,944,1048576,0
236,0,0,0,0,0,102400,0,6,4,4,213240,1048576,0
237,0,0,0,0,0,8192,0,6,3,4,180052,1048576,0
238,0,0,0,0,0,98600,1,2,8,4,7128,2097152,0
239,0,0,0,0,0,4096,7,6,3,4,28118,1048576,0
240,173040,28,33024,192416,51,172032,0,9,4,5,45380,1048576,0
241,173040,28,33024,192416,51,172032,0,9,4,5,80384,1048576,0
242,0,0,0,0,0,0,0,4,6,4,10148,1048576,0
243,0,0,0,0,0,1161828,0,2,9,4,288768,1048576,0
244,0,0,32768,0,0,196608,0,11,4,5,436,1048576,0
245,34560,56,34112,0,0,16384,6,14,5,6,1248,1048576,0
246,0,0,33024,0,0,57344,0,10,4,5,436,1048576,0
247,0,0,32768,0,0,0,0,10,3,5,45788,4194304,0
248,0,0,0,0,0,4096,0,6,3,4,4248,1048576,0
249,69984,56,33088,0,0,69632,0,12,5,5,480,1048576,0
250,0,0,32768,0,0,532480,0,10,4,5,79720,4194304,0
251,0,0,0,0,0,8192,0,6,4,4,2440,1048576,0
252,0,0,0,0,0,16384,0,6,4,4,20416,1048576,0
253,0,0,0,0,0,225460,0,2,5,4,17584,1048576,0
254,0,0,34112,0,0,8192,0,8,3,4,3584,1048576,0
255,0,0,34112,0,0,8192,0,8,3,4,6896,1048576,0
256,0,0,0,0,0,0,0,6,4,4,2480,1048576,0
257,0,0,0,0,0,0,0,3,5,4,92,2097152,0
258,36864,28,0,38384,143,147752,0,6,6,4,8232,1048576,0
259,0,0,0,0,0,0,0,2,3,4,225920,1048576,0
260,0,0,32768,0,0,81920,0,9,4,5,45024,1048576,0
261,0,0,33088,0,0,81920,0,9,4,5,0,1048576,0
262,0,0,0,83520,4840,81920,0,6,4,4,0,1048576,0
263,0,0,1024,1374709176,301271668,47740,5,9,4,5,7700,1048576,0
264,0,0,0,0,0,4096,3,6,3,4,12956,1048576,0
265,4861272,28,34112,0,0,8192,0,48,3,4,11368,1048576,0
266,0,0,32768,0,0,4096,0,9,7,5,3872,1048576,0
267,152592,28,0,0,0,106496,9,7,5,4,876,1048576,0
268,53248,28,0,40960,150,49152,0,10,13,5,10976,1048576,0
269,0,0,0,0,0,4552,0,2,13,4,26472,1048576,0
270,0,0,0,0,0,0,7,8,3,7,712,1048576,0
271,0,0,0,0,0,0,0,2,6,4,49104,1048576,0
272,0,0,34112,0,0,28672,6,6,5,4,17945,1048576,0
273,0,0,33024,0,0,245760,1,12,4,5,0,1048576,0
274,0,0,32768,0,0,204800,0,9,4,5,69624,1048576,0
275,75876,28,34112,0,0,8192,0,11,3,4,66924,1048576,0
276,16384,28,0,0,0,578548,0,6,5,4,6918,1048576,0
277,0,0,33024,0,0,12288,0,6,5,4,0,1048576,0
278,0,0,0,0,0,0,0,2,8,4,69120,1048576,0
279,0,0,0,0,0,16384,0,8,3,4,0,1048576,0
280,0,0,320,281872,53,237568,0,9,6,4,28296,1048576,0
281,0,0,34112,0,0,8192,0,8,3,4,20480,1048576,0
282,0,0,32768,0,0,532480,0,10,4,5,11160,4194304,0
283,0,0,34112,0,0,8192,0,8,3,4,1376,1048576,0
284,0,0,32768,0,0,94208,0,9,4,5,105468,1048576,0
285,0,0,0,0,0,225400,0,6,3,4,2692,1048576,0
286,0,0,64,136064,12704,106496,0,2,5,5,4060,1048576,0
287,0,0,0,0,0,4096,1,6,3,4,68600,1048576,0
288,0,0,32768,0,0,40960,0,9,4,5,48088,1048576,0
289,0,0,32768,0,0,28672,6,6,5,4,10200,1048576,0
290,213424,28,0,0,0,212992,0,8,3,4,0,1048576,0
291,0,0,33024,0,0,94208,0,10,4,5,388,1048576,0
292,16777216,1,0,0,0,257,0,2,5,4,924,1048576,0
293,0,0,0,0,0,156516,0,2,4,4,12940,1048576,0
294,0,0,0,0,0,0,0,5,3,4,3328,1048576,0
295,0,0,0,0,0,0,0,2,3,4,704,1048576,0
296,0,0,0,0,0,40960,0,6,4,4,888,1048576,0
297,0,0,0,0,0,8192,0,6,4,4,166552,1048576,0
298,0,0,32768,0,0,4096,0,9,3,5,976,1048576,0
299,0,0,0,0,0,53248,0,7,5,4,7746,1048576,0
300,0,0,33088,0,0,69632,0,12,5,6,68269,1048576,0
301,0,0,0,0,0,81920,0,6,4,4,177832,1048576,0
302,160752,28,33024,179984,51,159744,0,9,4,5,14588,1048576,0
303,0,0,33088,0,0,155648,0,9,5,5,1408,1048576,0
304,0,0,32768,0,0,4096,0,9,3,5,22776,1048576,0
305,1410924,28,34144,0,0,8192,0,8,3,4,2560,1048576,0
306,0,0,0,55008,72,45056,0,8,5,4,1008,1048576,0
307,164688,28,55296,0,0,163840,0,10,5,5,42708,1048576,0
308,0,0,0,0,0,77824,0,6,4,4,98808,1048576,0
309,216,0,0,0,0,0,1,0,3,4,2032,1048576,0
310,0,0,0,0,0,3489792,0,6,5,4,110464,1048576,0
311,0,0,0,29616,146,20480,0,9,4,5,22536,1048576,0
312,0,0,0,0,0,0,0,10,4,5,14944,1048576,0
313,0,0,0,21626,40,0,1,7,4,4,74009,2097152,0
314,4240,28,64,139360,46,4096,0,8,11,4,2141,1048576,0
315,0,0,33088,0,0,81920,0,8,4,4,35480,1048576,0
316,301360,56,33120,0,0,299008,0,12,5,5,0,1048576,0
317,0,32,0,0,0,0,0,10,3,4,1568,1048576,0
318,49632,28,0,0,0,49152,0,6,4,4,1992,1048576,0
319,242320,28,33024,0,0,241664,0,10,5,5,53360,1048576,0
320,0,0,33024,0,0,73728,0,10,4,5,436,1048576,0
321,0,0,32768,0,0,8192,0,9,4,5,554742,1048576,0
322,0,0,0,0,0,28672,0,6,4,4,312368,1048576,0
323,41360,56,33088,0,0,40960,0,11,5,5,338528,1048576,0
324,0,0,0,0,0,16384,0,6,6,4,245760,1048576,0
325,0,0,33088,0,0,536576,0,11,5,5,4248624,1048576,0
326,0,0,0,0,0,0,0,2,3,4,225232,1048576,0
327,0,0,0,0,0,4096,2,6,3,4,34944,1048576,0
328,0,0,33024,0,0,90112,0,9,5,5,73024,1048576,0
329,0,0,0,36592,65,32768,0,6,5,4,19544,1048576,0
330,0,0,32768,0,0,0,0,9,2,5,245504,4194304,0
331,0,0,32768,0,0,28672,6,6,5,4,7472,1048576,0
332,0,0,32768,0,0,0,0,10,4,5,37952,4194304,0
333,0,0,0,0,0,8192,0,8,3,4,9132,1048576,0
334,24576,28,34112,0,0,8192,0,8,4,4,2800,1048576,0
335,0,0,34112,0,0,8192,0,8,3,4,1272,1048576,0
336,0,0,320,0,0,233472,0,12,5,5,944,1048576,0
337,0,0,0,15136,69,12288,0,6,4,4,4096,1048576,0
338,0,0,34112,0,0,8192,0,8,3,4,206560,1048576,0
339,0,0,34112,0,0,8192,0,8,3,4,196608,1048576,0
340,0,0,0,30224,85,4096,0,7,4,4,48624,1048576,0
341,0,0,32768,0,0,110592,0,9,4,5,472836,1048576,0
342,0,0,0,89504,236,45056,0,8,5,4,178224,1048576,0
343,0,0,0,0,0,4096,1,6,3,4,3478,1048576,0
344,20480,28,33792,0,0,29172,0,8,6,4,996,1048576,0
345,0,0,34112,0,0,4096,0,6,5,5,9244,1064960,0
346,0,0,33088,0,0,0,0,9,3,5,18116,1048576,0
347,100656,28,320,112016,370,139780,0,9,6,5,3081,1048576,0
348,0,0,32832,0,0,24576,0,10,5,5,18928,1048576,0
349,0,0,0,0,0,16384,0,6,7,4,244032,1048576,0
350,0,0,0,0,0,8192,0,6,4,5,107328,1048576,0
351,0,0,33024,0,0,77824,0,10,4,5,2576,1048576,0
352,145936,56,320,153008,743,122880,0,14,6,5,20152,1048576,0
353,0,0,0,0,0,0,9,6,3,4,10128,1048576,0
354,0,0,0,0,0,0,4,6,3,4,6472,1048576,0
355,0,0,0,0,0,0,0,1,5,4,11724,4096,0
356,0,0,32768,0,0,45056,0,10,6,5,756,1048576,0
357,182956,28,34112,0,0,8192,0,8,3,4,1064,1048576,0
358,0,0,0,0,0,540672,0,5,4,4,6940,1048576,0
359,74416,28,34048,79840,51,73728,0,9,5,5,143756,1048576,0
360,0,0,0,0,0,4096,0,8,6,4,0,1048576,0
361,0,0,0,0,0,0,3,9,9,4,2356,2097152,0
362,0,0,0,0,0,119512,0,1,4,4,0,1048576,0
363,0,0,0,0,0,0,0,2,5,1,11756,4096,0
364,0,0,32768,0,0,57344,0,10,4,5,3112,1048576,0
365,0,0,33088,0,0,28672,0,9,5,5,385544,1048576,0
366,0,0,0,73728,524,283468,1,11,8,5,6284,1048576,0
367,0,0,0,0,0,77824,0,6,4,4,152840,1048576,0
368,0,0,0,0,0,20480,3,9,4,5,424,1048576,0
369,0,0,32768,0,0,110592,0,9,4,5,19280,1048576,0
370,0,0,0,0,0,28672,0,6,4,4,62128,1048576,0
371,0,0,0,0,0,0,0,7,3,4,0,1048576,0
372,0,0,0,0,0,4096,1,6,3,4,176416,1048576,0
373,0,0,0,0,0,28672,0,0,4,4,51424,1048576,0
374,0,0,0,0,0,237568,0,6,4,4,23088,1048576,0
375,0,0,0,0,0,270336,0,6,4,4,1008,1048576,0
376,0,0,32768,0,0,32768,0,9,4,5,27776,1048576,0
377,0,0,0,0,0,0,0,2,8,4,11664,1048576,0
378,0,0,32768,0,0,61440,0,9,4,5,57964,1048576,0
379,33296,28,2304,0,0,32768,0,10,5,5,79948,1048576,0
380,0,0,0,0,0,221184,0,8,7,4,18208,1048576,0
381,0,0,34112,0,0,8192,0,8,3,4,928,1048576,0
382,0,0,32768,0,0,65536,0,9,6,5,70804,1048576,0
383,47972,28,34112,0,0,8192,0,8,3,4,840,1048576,0
384,0,0,32768,0,0,94208,0,9,4,5,60204,1048576,0
385,0,0,0,128720,121,118784,0,6,5,4,0,1048576,0
386,58049,28,32768,0,0,4096,0,7,3,5,698587,1048576,0
387,0,0,0,79808,101,61440,0,6,4,4,1920,1048576,0
388,0,0,0,0,0,4096,3,6,3,4,7860,1048576,0
389,0,0,0,28672,55,73856,1,2,9,4,25228,2097152,0
390,0,0,0,0,0,40960,4,7,6,5,56832,1048576,0
391,0,0,0,6960,16,0,0,11,4,4,123564,1048576,0
392,0,0,0,0,0,67504,0,6,6,4,2915,1048576,0
393,0,0,0,0,0,0,0,2,13,5,1642960,1048576,0
394,107280,28,33088,0,0,106496,0,9,4,5,0,1048576,0
395,0,0,0,0,0,4096,0,8,14,4,0,1048576,0
396,0,0,0,0,0,0,1,2,3,4,0,2097152,0
397,173040,28,33024,192416,51,172032,0,9,4,5,80480,1048576,0
398,0,0,272,0,0,163840,0,10,5,5,1692,1048576,0
399,78288,28,32768,0,0,77824,0,9,4,5,49220,1048576,0
400,131072,28,34112,0,0,8192,0,11,4,4,17124,1048576,0
401,0,0,0,0,0,0,0,1,4,1,4040,4096,0
402,0,0,33024,0,0,94208,0,10,4,5,436,1048576,0
403,0,0,32768,0,0,24576,0,9,5,5,16072,1048576,0
404,0,0,0,0,0,0,4,11,5,4,21504,1048576,0
405,0,0,0,0,0,0,0,6,3,4,2540,1048576,0
406,0,0,33024,0,0,503808,0,5,4,4,0,1048576,0
407,292888,28,34112,0,0,8192,0,8,3,4,294812,1048576,0
408,0,0,0,0,0,4096,1,6,3,4,33088,1048576,0
409,13568,36,34048,0,0,4096,0,10,3,5,17272,1048576,0
410,0,0,0,0,0,0,0,1,5,1,0,1048576,0
411,0,0,0,0,0,4096,0,6,4,4,22320,1048576,0
412,0,0,32768,0,0,40960,0,10,6,5,756,1048576,0
413,0,0,32768,0,0,4096,0,9,3,5,17952,1048576,0
414,0,0,32768,0,0,45056,0,9,7,5,42356,1048576,0
415,0,0,1024,0,0,40960,5,8,3,5,1745,1048576,0
416,0,0,1024,0,0,36360,5,10,4,5,1373,1048576,0
417,0,0,1024,0,0,42116,5,11,3,5,1401,1048576,0
418,4352,28,0,0,0,4096,0,8,3,4,12408,1048576,0
419,0,0,0,0,0,0,0,11,4,4,4712,4096,0
420,0,0,33024,0,0,131072,0,6,3,4,0,1048576,0
421,0,0,0,0,0,118784,0,7,4,4,300080,1048576,0
422,0,0,0,0,0,77824,0,8,4,4,98584,1048576,0
423,0,0,32768,0,0,24576,0,9,4,5,197068,1048576,0
424,0,0,0,0,0,4096,1,6,3,4,28280,1048576,0
425,0,0,0,0,0,4096,1,6,3,4,610304,1048576,0
426,0,0,0,0,0,4096,1,6,3,4,23568,1048576,0
427,0,0,32768,0,0,32768,0,10,5,5,0,1048576,0
428,0,0,0,81920,105,0,0,5,8,4,44196,1048576,0
429,0,0,0,94208,106,0,0,5,8,4,50984,1048576,0
430,28908,28,33024,0,0,30208,0,10,4,5,10656,1048576,0
431,0,0,0,0,0,12288,1,5,4,4,11448,1048576,0
432,0,0,0,0,0,12288,0,6,4,4,138084,1048576,0
433,0,0,0,0,0,4096,50,6,3,4,100660,1048576,0
434,24864,28,33088,0,0,24576,0,10,5,5,680,1048576,0
435,0,0,64,0,0,0,0,1,6,1,95640,1048576,0
436,0,0,34048,0,0,8192,0,12,4,5,82328,1048576,0
437,0,0,33088,0,0,12288,0,9,5,5,475656,1048576,0
438,0,0,33088,0,0,380928,0,10,5,5,74248,1048576,0
439,0,0,32768,0,0,0,0,10,3,5,93700,4194304,0
440,0,0,0,0,0,8192,4,5,4,4,29756,1048576,0
441,69984,28,0,0,0,69632,0,8,4,4,184,1048576,0
442,0,0,0,0,0,212992,0,6,4,4,504,1048576,0
443,0,0,0,0,0,12288,1,8,3,5,10112,1048576,0
444,0,0,0,0,0,0,0,2,3,4,4392,1048576,0
445,0,0,33024,0,0,24576,0,10,4,5,40328,1048576,0
446,0,0,32768,0,0,98304,0,9,4,5,139524,1048576,0
447,0,0,0,0,0,4096,1,6,3,4,5404,1048576,0
448,0,0,0,285212672,17,4096,2,6,3,4,2264,1048576,0
449,0,0,33024,0,0,131072,0,10,4,5,11024,1048576,0
450,0,0,32768,0,0,94208,0,9,4,5,294584,1048576,0
451,0,0,33280,0,0,234496,111,11,3,4,0,1048576,0
452,0,0,33088,0,0,45056,0,10,5,5,1292,1048576,0
453,0,0,0,0,0,77824,0,10,3,5,0,1048576,0
454,0,0,0,0,0,115860,0,2,8,4,7132,1048576,0
455,0,0,0,0,0,94208,0,10,3,5,0,1048576,0
456,0,0,0,0,0,16384,0,8,4,4,58904,1048576,0
457,0,0,34112,0,0,0,0,10,5,5,95116,1048576,0
458,0,0,0,0,0,24576,4,2,5,3,26112,1048576,0
459,0,0,1344,8512,1582,8192,6,12,4,6,1248,1048576,0
460,0,0,0,0,0,12288,3,7,4,4,10928,1048576,0
461,0,0,0,13755,97,28968,0,10,2,5,2028,1048576,0
462,0,0,34112,0,0,8192,0,8,3,4,1288,1048576,0
463,0,0,0,0,0,4096,1,3,4,4,10706,2097152,0
464,0,0,33280,0,0,4096,245,5,3,4,0,1048576,0
465,0,0,2,0,0,0,0,5,3,5,111841,1048576,0
466,0,0,0,0,0,0,0,10,5,5,4408,4096,0
467,0,0,0,0,0,16384,0,6,4,4,172032,1048576,0
468,98304,28,33792,140176,385,94756,0,2,5,4,0,1048576,0
469,2314240,28,0,0,0,2322432,0,10,4,4,14146,1048576,0
470,0,0,0,0,0,2330624,0,10,4,4,14146,1048576,0
471,0,0,0,0,0,2322432,0,10,4,4,14146,1048576,0
472,0,0,0,0,0,0,9,2,3,5,11720,1048576,0
473,0,0,0,0,0,16384,0,5,4,4,11648,1048576,0
474,0,0,0,0,0,4096,1,6,3,4,26341,1048576,0
475,0,0,0,0,0,12288,0,5,3,4,13784,1048576,0
476,0,0,0,0,0,0,0,2,8,4,18652,1048576,0
477,0,0,32768,17,17,36864,0,10,4,5,32010,1048576,0
478,0,0,32768,0,0,24576,0,9,4,5,122504,1048576,0
479,0,0,32768,0,0,28672,6,6,5,4,2936,1048576,0
480,0,0,32768,0,0,28672,6,6,5,4,2536,1048576,0
481,0,0,32768,0,0,28672,6,6,5,4,3040,1048576,0
482,0,0,0,0,0,0,0,11,4,4,4712,4096,0
483,56728,28,34112,0,0,8192,0,133,3,4,18864,1048576,0
484,0,0,33088,0,0,81920,0,10,5,5,11604,1048576,0
485,0,0,0,0,0,0,0,10,4,5,11536,4096,0
486,0,0,0,0,0,4096,1,6,3,4,5700,1048576,0
487,0,0,0,0,0,12288,1,8,3,5,10112,1048576,0
488,0,0,0,1081344,108,0,0,5,9,4,186880,1048576,0
489,0,0,1024,0,0,0,0,7,3,4,752,1048576,0
490,107712,28,0,0,0,106496,0,7,4,4,16672,1048576,0
491,5680,28,0,0,0,4096,0,6,4,4,9336,1048576,0
492,0,0,0,0,0,24576,0,6,4,4,189112,1048576,0
493,0,0,0,0,0,8192,0,6,3,4,223008,1048576,0
494,0,0,0,0,0,16384,0,8,4,5,8456,1048576,0
495,0,0,0,14208,68,4096,0,0,4,4,54784,1048576,0
496,0,0,0,0,0,184320,0,9,6,5,4056,1048576,0
497,0,0,1024,0,0,20480,0,9,6,5,0,1048576,0
498,53248,28,0,0,0,174360,0,7,6,4,11139,1048576,0
499,0,0,0,0,0,0,1,2,6,4,68580,2097152,0
500,0,0,0,0,0,16384,0,7,5,4,1304,1048576,0
501,0,0,0,0,0,0,0,7,15,4,2320,1048576,0
502,0,0,0,0,0,4096,1,6,3,4,2228,1048576,0
503,183360,28,33024,0,0,221644,0,10,6,5,115332,1048576,0
504,4400,28,0,0,0,4096,0,8,4,4,207596,1048576,0
505,0,0,0,0,0,98304,0,8,4,4,109704,1048576,0
506,0,0,34112,0,0,0,0,10,4,5,93116,1048576,0
507,0,0,2,0,0,0,0,5,3,8,124844,1048576,0
508,0,0,0,0,0,57344,0,7,5,4,19380,1048576,0
509,0,0,256,0,0,4096,0,10,4,5,1360,1048576,0
510,0,0,32768,0,0,126976,0,9,4,5,46104,1048576,0
511,0,0,0,0,0,32768,0,6,3,4,0,1048576,0
512,0,0,0,65536,263,32768,0,11,9,5,3796,1048576,0
513,0,0,0,0,0,4096,8,6,3,4,34274,1048576,0
514,0,0,0,0,0,0,0,6,7,4,5760,1048576,0
515,0,0,0,0,0,32768,0,7,4,4,67512,1048576,0
516,0,0,32768,0,0,65536,0,10,4,5,2110,1048576,0
517,0,0,0,0,0,315580,0,2,5,4,4044,1048576,0
518,217088,28,0,204288,1265,0,0,8,6,4,7168,1048576,0
519,287200,28,33024,0,0,286720,0,12,4,5,35256,1048576,0
520,0,0,0,0,0,8392,0,2,5,4,4044,1048576,0
521,0,0,0,0,0,281260,0,2,4,4,7132,1048576,0
522,0,0,0,0,0,0,0,1,12,1,1024,4096,0
523,0,0,0,0,0,290816,0,8,5,4,11168,1048576,0
524,0,0,0,170096,488,159744,0,6,4,4,0,1048576,0
525,0,0,34112,0,0,8192,0,8,3,4,69934,1048576,0
526,0,0,34112,0,0,36864,6,10,6,5,2768,1048576,0
527,0,0,0,0,0,4096,3,6,3,4,330515,1048576,0
528,0,0,32768,0,0,49152,0,10,3,5,0,1048576,0
529,0,0,0,0,0,4096,1,6,3,4,2276,1048576,0
530,0,0,0,0,0,36864,0,8,4,4,0,1048576,0
531,336688,56,33088,0,0,335872,0,12,5,5,11520,1048576,0
532,0,0,32768,0,0,24576,0,9,4,5,314444,1048576,0
533,47328,28,34112,0,0,8192,0,6,3,4,12832,1048576,0
534,0,0,0,0,0,143360,0,6,4,4,168256,1048576,0
535,0,0,32768,0,0,229376,0,9,4,5,19792,1048576,0
536,0,0,0,0,0,582596,1,2,7,4,0,2097152,0
537,0,0,0,0,0,106496,0,6,4,4,7928,1048576,0
538,0,0,34112,0,0,28672,6,6,5,4,17136,1048576,0
539,0,0,32768,0,0,69632,0,9,4,5,34372,1048576,0
540,0,0,0,0,0,0,0,2,9,4,120964,1048576,0
541,0,0,0,0,0,20480,0,6,4,4,37668,1048576,0
542,0,0,32832,0,0,36864,0,10,5,5,313188,1048576,0
543,0,0,0,0,0,8192,0,6,3,4,0,1048576,0
544,0,0,0,0,0,4096,1,6,3,4,251364,1048576,0
545,0,0,0,0,0,0,0,2,8,4,25088,1048576,0
546,0,0,0,554992,161,425984,0,9,5,5,0,1048576,0
547,173040,28,33024,192496,51,172032,0,9,4,5,26588,1048576,0
548,0,0,0,0,0,20480,8,6,4,4,23280,1048576,0
549,0,0,0,0,0,57344,0,6,3,4,0,1048576,0
550,173008,28,33024,192288,51,172032,0,9,4,5,17448,1048576,0
551,0,0,0,0,0,3469312,0,6,6,4,131576,1048576,0
552,0,0,0,0,0,4096,0,8,3,4,19308,1048576,0
553,0,0,0,0,0,0,0,2,3,4,9816,1048576,0
554,0,0,0,0,0,49152,0,6,6,4,106704,1048576,0
555,0,0,0,0,0,0,0,2,3,4,536,1048576,0
556,579792,28,32832,0,0,577536,0,11,5,5,86604,4194304,0
557,579792,28,32832,0,0,577536,0,11,5,5,176132,4194304,0
558,25168,28,33088,0,0,24576,0,0,5,5,0,1048576,0
559,0,0,34112,0,0,8192,0,8,3,4,12288,1048576,0
560,0,0,32768,0,0,73728,0,9,7,5,51496,1048576,0
561,0,0,32768,0,0,147456,0,9,4,5,211520,1048576,0
562,0,0,0,0,0,28672,0,6,4,4,5696,1048576,0
563,0,0,0,0,0,0,0,2,3,5,115716,1048576,0
564,0,0,64,0,0,0,0,1,7,1,40952,4096,0
565,0,0,32832,0,0,49152,0,10,5,5,6376,1048576,0
566,0,0,0,0,0,122880,0,6,4,4,464,1048576,0
567,0,0,0,0,0,65536,0,7,3,4,0,1048576,0
568,0,0,0,0,0,135168,0,6,4,4,240624,1048576,0
569,4368,28,0,0,0,4096,0,8,3,4,20168,1048576,0
570,0,0,0,0,0,57696,1,2,8,4,0,2097152,0
571,0,0,0,0,0,0,0,2,5,1,2048,1048576,0
572,0,0,0,0,0,0,3,6,3,4,5720,1048576,0
573,0,0,34112,0,0,8192,0,8,3,4,165428,1048576,0
574,4304,28,0,0,0,954884,0,8,4,4,41680,1048576,0
575,0,0,32768,0,0,212992,0,7,4,4,1424,1048576,0
576,0,0,0,0,0,20480,0,6,4,4,78064,1048576,0
577,0,0,0,0,0,0,0,2,3,5,11696,1048576,0
578,162496,56,320,170288,1242,139264,0,14,6,5,46240,1048576,0
579,0,0,352,253952,854,114688,0,11,7,5,30592,1048576,0
580,0,0,34112,0,0,8192,0,11,3,4,1328,1048576,0
581,0,0,1024,0,0,40920,5,8,4,5,1405,1048576,0
582,0,0,0,0,0,0,51,6,3,4,2292,1048576,0
583,23376,28,32768,0,0,4096,5,7,3,5,1368426,262144,0
584,0,0,64,0,0,0,0,8,5,5,3194,1048576,0
585,47040,28,33280,0,0,4096,0,10,2,5,696,1048576,0
586,82640,28,34048,89232,51,81920,0,9,5,5,79424,1048576,0
587,0,0,0,0,0,4096,6,6,3,4,538364,1048576,0
588,0,0,33856,0,0,69632,0,10,4,5,400,1048576,0
589,0,0,33856,0,0,24576,0,9,3,5,16,1048576,0
590,0,0,32768,0,0,28672,0,10,6,5,436,1048576,0
591,119392,28,32768,0,0,118784,0,9,4,5,39908,1048576,0
592,0,0,34112,0,0,274432,8,9,5,5,9497,1048576,0
593,65536,28,64,81920,56,118936,1,6,21,4,3960,2097152,0
594,0,0,0,0,0,61744,0,6,6,4,90656,1048576,0
595,0,0,0,0,0,139980,0,6,6,4,232112,1048576,0
596,0,0,49471,0,0,323584,0,9,4,5,101284,1048576,0
597,0,0,0,0,0,0,1,6,3,4,8796,1048576,0
598,0,0,0,0,0,20480,8,6,4,4,12864,1048576,0
599,0,0,0,0,0,4096,0,8,3,4,19308,1048576,0
600,0,0,0,0,0,4096,2,6,3,4,2264,1048576,0
601,0,0,33856,0,65792,0,0,10,3,5,88,1048576,0
602,0,0,33088,0,0,4096,0,10,1,5,0,1048576,0
603,0,0,0,0,0,8192,0,5,5,4,61576,1048576,0
604,0,0,34112,0,0,8192,0,8,3,4,914,1048576,0
605,0,0,32768,0,0,57344,0,9,4,5,24168,1048576,0
606,0,0,0,0,0,155648,0,6,4,4,14900,1048576,0
607,0,0,0,0,0,8192,0,6,6,4,62932,1048576,0
608,0,0,32768,0,0,65536,0,10,4,5,3112,1048576,0
609,0,0,34112,0,0,8192,0,8,3,4,166224,1048576,0
610,451200,28,33088,0,0,450560,0,9,5,5,436,1048576,0
611,0,0,34112,0,0,8192,0,8,3,4,225838,1048576,0
612,0,0,0,0,0,32768,0,7,5,4,17552,1048576,0
613,0,0,0,0,0,0,0,1,6,1,1644,4096,0
614,0,0,32768,0,0,81920,9,9,5,5,17104,1048576,0
615,0,0,32768,0,0,28672,6,6,5,4,7472,1048576,0
616,0,0,0,0,0,61440,0,7,5,4,17304,1048576,0
617,102400,28,0,159408,707,29032,0,8,5,4,0,1048576,0
618,0,0,34112,0,0,8192,0,11,3,4,1360,1048576,0
619,0,0,0,0,0,8192,0,8,3,4,16,1048576,0
620,65856,28,320,73344,164,65536,0,6,8,4,1216,1048576,0
621,0,0,0,148224,51,147456,0,8,4,4,0,1048576,0
622,0,0,0,0,0,24576,0,6,4,4,7904,1048576,0
623,0,0,0,0,0,233472,7,6,4,4,5428,2097152,0
624,0,0,0,79808,101,61440,0,6,4,4,1920,1048576,0
625,0,0,0,0,0,77824,0,6,4,4,0,1048576,0
626,0,0,0,0,0,299008,0,7,5,4,127512,1048576,0
627,0,0,0,0,0,32768,4,5,4,4,28672,1048576,0
628,0,0,32768,0,0,24576,0,9,4,5,13528,1048576,0
629,0,0,0,0,0,8192,3,7,4,4,10104,1048576,0
630,28752,28,64,31328,54,28672,0,8,7,4,0,1048576,0
631,0,0,0,430192,50,430080,0,8,4,4,0,1048576,0
632,4096,0,0,29184,48,28672,0,10,7,4,0,1048576,0
633,0,0,0,0,0,69632,0,6,4,4,194032,1048576,0
634,0,0,0,0,0,4096,0,6,3,4,14296,1048576,0
635,0,0,0,0,0,0,0,10,8,4,76008,1048576,0
636,37248,28,33088,0,0,36864,0,10,5,5,215284,1048576,0
637,0,0,0,0,0,0,0,2,8,4,81728,1048576,0
638,0,0,34112,0,0,8192,0,8,3,4,1069112,1048576,0
639,0,0,0,36864,0,0,1,6,3,4,2004,1048576,0
640,0,0,34112,0,0,8192,0,8,3,4,856,1048576,0
641,0,0,32768,0,0,28672,0,10,6,5,436,1048576,0
642,0,0,33024,0,0,69632,0,10,4,5,2710,1048576,0
643,0,0,34112,0,0,8192,0,8,3,4,27402,1048576,0
644,0,0,0,0,0,0,0,2,3,4,12696,1048576,0
645,0,0,0,0,0,92900,0,2,3,4,0,1048576,0
646,0,0,34112,0,0,8192,0,6,4,4,162520,1048576,0
647,0,0,0,0,0,28672,0,0,4,4,8688,1048576,0
648,0,0,0,4096,40,0,1,8,4,4,2605,2097152,0
649,0,0,33088,0,0,28672,0,11,5,6,30096,1048576,0
650,0,0,49429,0,0,135168,0,9,5,5,60964,1048576,0
651,0,0,0,0,0,57344,32,10,3,4,0,1048576,0
652,0,0,0,0,0,4096,6,6,3,4,5788,1048576,0
653,0,0,0,860160,76,0,0,2,6,1,0,1048576,0
654,24576,88,0,0,0,0,0,2,5,1,0,1048576,0
655,0,0,0,0,0,161392,0,2,5,4,53200,1048576,0
656,0,0,0,0,0,0,1,5,7,4,232448,2097152,0
657,33104,28,32768,0,0,32768,0,9,6,5,49220,1048576,0
658,406192,28,32768,0,0,405504,0,9,6,5,209160,1048576,0
659,0,0,0,0,0,2530112,0,2,10,5,580096,1048576,0
660,0,0,0,0,0,205208,1,2,9,4,42664,2097152,0
661,503516,28,34112,0,0,8192,0,48,3,4,203488,1048576,0
662,41312,28,0,0,0,40960,0,8,4,4,1136,1048576,0
663,119680,28,32768,0,0,118784,0,9,5,5,38596,1048576,0
664,0,0,0,0,0,12288,0,6,3,4,2712,1048576,0
665,0,0,34112,0,0,8192,0,80,3,4,1376,1048576,0
666,0,0,0,0,0,45056,0,7,4,4,16,1048576,0
667,0,0,0,0,0,4096,2,6,3,4,5500,1048576,0
668,0,0,0,0,0,36864,0,1,4,4,11120,1048576,0
669,37200,28,33088,0,0,36864,0,10,5,5,1560,1048576,0
670,975680,56,33088,0,0,974848,0,12,5,5,7624,1048576,0
671,0,0,0,0,0,0,0,2,5,1,480,1048576,0
672,0,0,33088,0,0,36864,0,9,5,5,50280,1048576,0
673,0,0,1344,0,0,8192,0,8,3,4,186248,1048576,0
674,0,0,0,0,0,0,0,2,8,4,73216,1048576,0
675,0,0,0,0,0,4096,7,6,3,4,2388,1048576,0
676,0,0,32832,0,0,81920,0,10,5,5,553156,1048576,0
677,0,0,0,0,0,0,1,6,3,4,1840,1048576,0
678,0,0,0,0,0,4096,1,6,3,4,3796,1048576,0
679,0,0,0,0,0,4096,5,6,3,4,1916,1048576,0
680,0,0,33088,0,0,20480,0,10,5,5,21029,1048576,0
681,0,0,33088,0,0,155648,0,6,4,4,680,1048576,0
682,0,0,33088,0,0,45056,0,6,4,4,3296,1048576,0
683,0,0,0,0,0,45056,4,3,4,5,10752,1048576,0
684,0,0,0,0,0,0,0,1,4,1,4040,4096,0
685,119728,28,33024,0,0,118784,0,9,4,5,89784,1048576,0
686,0,0,768,0,0,12288,0,10,5,5,696,1048576,0
687,0,0,0,0,0,4096,1,6,3,4,76068,1048576,0
688,21104,28,32768,0,0,20480,0,9,5,5,26428,1048576,0
689,0,0,0,0,0,32768,4,3,4,4,346624,1048576,0
690,0,0,0,0,0,143360,0,6,4,4,464,1048576,0
691,0,0,32768,0,0,45056,0,9,4,5,51128,1048576,0
692,0,0,0,0,0,0,0,2,3,4,297056,1048576,0
693,0,0,0,0,0,4096,0,6,3,4,25741,1048576,0
694,0,0,0,98304,108,0,0,5,8,4,19048,1048576,0
695,0,0,34112,0,0,8192,0,8,3,4,1024,1048576,0
696,0,0,33088,0,0,196608,0,12,4,5,0,1048576,0
697,0,0,32768,82768,67,53248,0,10,5,5,18400,1048576,0
698,0,0,0,0,0,6234612,0,2,3,4,22368,1048576,0
699,0,0,0,0,0,0,0,2,3,4,356,1048576,0
700,0,0,0,283964,104,106496,0,9,6,5,1584,1048576,0
701,0,0,34112,0,0,8192,0,8,3,4,163032,1048576,0
702,0,0,33025,0,0,36864,0,1,5,2,61944,1048576,0
703,0,0,34112,0,0,8192,0,8,3,4,204338,1048576,0
704,0,0,34112,0,0,28672,6,6,5,4,2584,1048576,0
705,42082,28,32768,0,0,4096,5,7,3,5,12648,1048576,0
706,0,0,0,0,0,0,0,10,4,5,5432,4096,0
707,0,0,0,0,0,8192,0,9,4,5,7952,1048576,0
708,0,0,0,28336,48,24576,0,8,3,4,0,1048576,0
709,0,0,32768,0,0,28672,6,6,5,4,10960,1048576,0
710,0,0,33088,0,0,77824,0,10,5,5,1300,1048576,0
711,0,0,0,0,0,45056,0,8,4,4,16184,1048576,0
712,0,0,33088,424236,87,712704,0,10,7,5,26970,1048576,0
713,0,0,0,0,0,37056,5,2,4,5,10144,262144,0
714,0,0,0,0,0,37224,1,2,9,4,10524,2097152,0
715,4352,28,0,0,0,4096,0,8,3,4,31496,1048576,0
716,73728,28,34048,4096,1504,83390,0,10,8,5,7232,1048576,0
717,160736,28,33024,179968,51,159744,0,9,4,5,12956,1048576,0
718,0,0,0,0,0,0,0,7,3,4,0,1048576,0
719,0,0,0,0,0,0,0,6,4,4,28,1048576,0
720,0,0,0,0,0,0,0,2,8,4,36472,1048576,0
721,0,0,32768,0,0,0,6,2,8,1,137704,1048576,0
722,0,0,0,0,0,8192,3,5,4,4,11632,1048576,0
723,0,0,0,0,0,57344,0,5,4,4,10208,1048576,0
724,0,0,0,0,0,16384,4,9,4,5,8544,1048576,0
725,0,0,0,0,0,8192,0,6,4,4,7944,1048576,0
726,0,0,0,0,0,16384,0,6,4,4,8464,1048576,0
727,0,0,0,0,0,8192,0,5,4,4,12280,1048576,0
728,0,0,34112,0,0,28672,6,6,5,4,19984,1048576,0
729,0,0,0,0,0,0,8,0,3,7,1768,1048576,0
730,0,0,34112,0,0,136024,0,8,3,4,35556,1048576,0
731,0,0,32768,0,0,532480,0,10,4,5,15864,4194304,0
732,0,0,0,0,0,4096,0,10,3,5,696,1048576,0
733,0,0,34112,0,0,8192,0,8,3,4,1024,1048576,0
734,0,0,0,0,0,0,0,6,4,4,55800,1048576,0
735,0,0,0,0,0,0,11,6,2,4,7816,1048576,0
736,0,0,0,0,0,24576,0,6,4,4,17648,1048576,0
737,0,0,0,0,0,0,0,2,3,4,18516,1048576,0
738,0,0,33024,0,0,0,2,11,3,5,0,1048576,0
739,0,0,33024,0,0,0,2,11,3,5,0,1048576,0
740,0,0,33088,0,0,94208,0,10,5,5,448,1048576,0
741,0,0,1,222196,96,0,0,2,3,4,536,0,0
742,0,0,32768,0,0,0,0,10,3,5,106176,4194304,0
743,0,0,0,0,0,4096,1,6,3,4,60780,1048576,0
744,0,0,0,0,0,4096,1,6,3,4,76496,1048576,0
745,0,0,0,0,0,4096,0,6,3,4,4504,1048576,0
746,173040,28,33024,192416,51,172032,0,9,4,5,17624,1048576,0
747,0,0,0,0,0,4096,1,2,5,4,139471,2097152,0
748,0,0,0,0,0,4096,1,2,5,4,139471,2097152,0
749,0,0,0,0,0,16384,1,6,4,4,10624,1048576,0
750,0,0,0,0,0,8192,0,9,6,5,19184,1048576,0
751,160752,28,33024,179984,51,159744,0,9,4,5,44816,1048576,0
752,0,0,33024,0,0,86016,0,10,4,5,1324,1048576,0
753,0,0,0,48512,70,4096,0,8,4,4,100656,1048576,0
754,0,0,0,0,0,4096,1,6,3,4,1656,1048576,0
755,0,0,1,0,0,0,0,2,6,4,38400,0,0
756,0,0,32768,0,0,28672,6,6,5,4,6808,1048576,0
757,0,0,0,0,0,0,0,6,3,4,1118,1048576,0
758,0,0,0,386640,167,0,0,7,5,4,10336,1048576,0
759,0,0,34112,0,0,8192,0,8,3,4,2716,1048576,0
760,10996,28,34112,0,0,8192,0,11,3,4,5548,1048576,0
761,77824,28,0,0,0,57344,0,6,4,4,1080,1048576,0
762,0,0,32768,0,0,626688,0,9,3,5,0,1048576,0
763,0,0,33856,115728,468,90112,0,2,5,4,1448,1048576,0
764,0,0,0,0,0,4096,4,6,3,4,2252,1048576,0
765,0,0,32768,0,0,65536,0,9,4,5,407228,1048576,0
766,0,0,34112,0,0,8192,0,8,3,4,69344,1048576,0
767,0,0,32768,0,0,65536,0,10,4,5,6456,262144,0
768,0,0,0,0,0,4096,1,6,3,4,5186,1048576,0
769,4528,28,256,0,0,4096,0,8,8,4,43302,1048576,0
770,0,0,0,0,0,147456,0,9,14,5,47296,1048576,0
771,0,0,0,0,0,4096,2,6,3,4,2300,1048576,0
772,0,0,0,0,0,4096,4,6,3,4,14334,1048576,0
773,0,0,0,0,0,45056,0,6,4,4,15428,1048576,0
774,0,0,34112,0,0,8192,0,8,3,4,66014,1048576,0
775,0,0,0,0,0,8192,0,6,3,4,31192,1048576,0
776,0,0,0,2375188,165,0,0,9,6,5,0,1048576,0
777,288118,28,34112,0,0,8192,0,6,4,4,8952,1048576,0
778,0,0,34048,0,0,8192,0,10,4,5,8036,1048576,0
779,119664,28,33024,136432,51,118784,0,9,4,5,16284,1048576,0
780,0,0,0,0,0,4096,1,6,3,4,2268,1048576,0
781,0,0,0,0,0,40960,4,5,3,5,169984,1048576,0
782,0,0,0,0,0,0,0,4,4,4,17980,1048576,0
783,33504,28,0,36304,326,32768,0,8,6,4,37720,1048576,0
784,0,0,256,0,0,65536,0,10,5,5,2248,1048576,0
785,0,0,32768,0,0,65536,0,9,4,5,337580,1048576,0
786,0,0,34112,0,0,8192,0,8,3,4,1512,1048576,0
787,0,0,0,0,0,4096,0,6,3,4,1680,1048576,0
788,0,0,32768,0,0,4096,0,9,3,5,186228,1048576,0
789,0,0,0,0,0,4096,6,6,3,4,190024,1048576,0
790,1163264,28,34112,0,0,8192,0,8,4,4,2568,1048576,0
791,0,0,33024,0,0,0,0,7,6,4,203660,1048576,0
792,0,0,0,0,0,0,1,4,4,4,17942,2097152,0
793,434128,28,0,286688,28,0,0,12,4,4,512,1048576,0
794,0,0,0,0,0,0,0,5,4,4,112136,1048576,0
795,0,0,0,0,0,12288,1,8,3,5,10112,1048576,0
796,0,0,0,0,0,0,0,1,5,1,8006,4096,0
797,0,0,0,0,0,4096,0,7,4,4,210260,1048576,0
798,0,0,0,0,0,20480,0,6,4,4,13984,1048576,0
799,0,0,33088,0,0,45056,0,10,5,5,98384,1048576,0
800,0,0,0,0,0,0,0,4,7,4,4300,1048576,0
801,0,0,0,172032,40,0,0,14,7,4,904,1048576,0
802,206032,28,0,221216,1257,219840,0,10,4,5,16,1048576,0
803,184320,28,0,189936,131,196608,0,12,10,5,36994,1048576,0
804,4096,28,0,179536,86,139264,0,11,3,5,2286,1048576,0
805,12640,28,33088,0,0,12288,0,9,5,5,306284,1048576,0
806,0,0,32832,0,0,0,0,2,6,4,103844,1048576,0
807,0,0,0,6292164,3152,9912320,0,2,9,5,0,1048576,0
808,0,0,0,0,0,4096,5,6,3,4,3750,1048576,0
809,0,0,0,0,0,4096,0,6,3,4,101240,1048576,0
810,0,0,0,0,0,0,3,6,3,4,3796,1048576,0
811,68220,28,34112,0,0,8192,0,11,3,4,51312,1048576,0
812,0,0,0,0,0,214572,0,6,6,4,1307220,1048576,0
813,0,0,0,0,0,0,0,2,3,5,123364,1048576,0
814,0,0,257,0,0,32768,0,1,4,65535,33648,1048576,0
815,0,0,0,0,0,12288,0,9,7,5,912,1048576,0
816,0,0,34112,0,0,8192,0,8,3,4,79058,1048576,0
817,0,0,0,0,0,0,0,0,5,3,4604,1048576,0
818,53248,28,0,0,0,28672,0,6,4,4,334992,1048576,0
819,0,0,0,0,0,0,0,9,4,5,25496,1048576,0
820,0,0,0,0,0,37056,5,2,4,5,10144,262144,0
821,102752,28,0,0,0,102400,0,8,5,4,7928,1048576,0
822,0,0,0,0,0,4096,1,2,5,4,142133,2097152,0
823,53760,56,33088,0,0,53248,0,11,5,5,28648,1048576,0
824,74608,28,33030,0,0,73728,0,10,4,5,37240,1048576,0
825,0,0,0,9965568,22322,0,0,5,11,4,75776,1048576,0
826,0,0,34112,0,0,8192,0,8,3,4,11776,1048576,0
827,0,0,0,0,0,0,5,6,2,4,18248,1048576,0
828,0,0,32768,0,0,126976,0,9,3,5,0,1048576,0
829,0,0,34112,0,0,8192,0,8,3,4,31434,1048576,0
830,0,0,0,0,0,36864,0,7,4,4,25352,1048576,0
831,0,0,0,0,0,0,0,2,10,4,78848,1048576,0
832,0,0,0,0,0,373016,5,6,7,5,10232,1048576,0
833,0,0,0,107840,52,81920,0,5,6,4,0,1048576,0
834,0,0,34112,0,0,8192,0,8,3,4,187924,1048576,0
835,0,0,0,0,0,4096,0,7,3,4,16,1048576,0
836,0,0,0,107840,52,81920,0,5,6,4,0,1048576,0
837,0,0,34112,0,0,8192,0,8,3,4,204800,1048576,0
838,0,0,0,0,0,73728,0,6,4,4,610648,1048576,0
839,0,0,33024,0,0,647168,0,10,4,5,436,1048576,0
840,0,0,32768,0,0,32768,0,9,5,5,1852,1048576,0
841,0,0,0,0,0,23286,7,3,4,5,6436,2097152,0
842,0,0,0,0,0,40960,0,5,5,4,10092,1048576,0
843,0,0,0,107952,52,81920,0,5,6,4,0,1048576,0
844,0,0,32832,0,0,90112,0,10,5,5,2536,1048576,0
845,0,0,0,0,0,0,0,6,3,4,2696,1048576,0
846,0,0,34048,0,0,0,0,10,7,5,3276,1048576,0
847,0,0,0,0,0,0,0,8,4,4,360176,1048576,0
848,226848,28,0,0,0,225280,0,8,4,4,15460,1048576,0
849,0,0,0,0,0,12288,0,5,4,4,17392,1048576,0
850,0,0,33024,0,0,602112,0,10,7,5,53568,4194304,0
851,0,0,0,0,0,81920,0,8,4,4,5376,1048576,0
852,0,0,0,0,0,0,0,6,6,4,9844,1048576,0
853,0,0,0,0,0,122880,0,5,4,4,41088,1048576,0
854,0,0,0,0,0,0,1,2,4,4,1980,2097152,0
855,0,0,320,37920,1903,28672,0,10,5,5,74856,1048576,0
856,0,0,0,0,0,0,0,2,3,4,1544,1048576,0
857,0,0,0,279216,499,204800,0,6,5,4,10664,1048576,0
858,0,0,32768,0,0,81920,0,9,4,5,45928,1048576,0
859,0,0,0,0,0,120368,0,2,7,4,6004,1048576,0
860,0,0,0,0,0,0,0,2,3,5,2280,1048576,0
861,0,0,0,0,0,110592,0,8,4,4,135800,1048576,0
862,0,0,0,0,0,0,0,5,1,4,0,1048576,0
863,0,0,33824,57344,187,86016,0,11,6,5,788,1048576,0
864,242048,28,0,0,0,241664,0,8,4,4,2037,1048576,0
865,0,0,33280,0,0,4096,0,10,1,5,0,262144,0
866,0,0,0,0,0,1335296,0,6,3,4,0,1048576,0
