,DebugRVA,DebugSize,Dll,ExportRVA,ExportSize,IATRVA,ImageVersion,LinkerVersion,NumberOfSections,OSVersion,ResSize,StackReserveSize,filename
02279f5c3004e83f1663d6f0e6415a9f,0,0,0,0,0,16384,5,7,4,4,0,1048576,samples/malicious/02279f5c3004e83f1663d6f0e6415a9f
02ab57fdc12528679ee75734cf1be1ad,0,0,0,0,0,0,5,7,3,4,0,1048576,samples/malicious/02ab57fdc12528679ee75734cf1be1ad
02b06e2622736c90833053edb8c304ee,0,0,0,0,0,20480,4,7,4,4,0,1048576,samples/malicious/02b06e2622736c90833053edb8c304ee
032c71ca7e2f96af1b9732453ed452fd,0,0,0,0,0,20480,4,7,4,4,0,1048576,samples/malicious/032c71ca7e2f96af1b9732453ed452fd
0345a33762422a38a1c849bc43b6efd4,0,0,0,0,0,0,4,7,3,4,0,1048576,samples/malicious/0345a33762422a38a1c849bc43b6efd4
060315da83a6e37b04265c2777778a02,0,0,0,0,0,16384,5,7,4,4,0,1048576,samples/malicious/060315da83a6e37b04265c2777778a02
063b1f8eda0662167559f58337c61d03,0,0,0,0,0,20480,5,7,4,4,0,1048576,samples/malicious/063b1f8eda0662167559f58337c61d03
06bd93c3560ef9849fb5566e719417bf,0,0,0,0,0,20480,5,7,4,4,0,1048576,samples/malicious/06bd93c3560ef9849fb5566e719417bf
070158033aeb44502529174a5c01b7c5,0,0,0,0,0,20480,5,7,4,4,0,1048576,samples/malicious/070158033aeb44502529174a5c01b7c5
076de0d5a5bf1a372d0eea656a1588a9,0,0,0,0,0,20480,0,4,4,4,0,1048576,samples/malicious/076de0d5a5bf1a372d0eea656a1588a9
092181cf7941c0199134841bfea01d7b,0,0,0,0,0,0,5,2,3,4,0,1048576,samples/malicious/092181cf7941c0199134841bfea01d7b
0999db84e16adf64c15a7b8039484b33,0,0,0,0,0,0,4,0,3,4,0,1048576,samples/malicious/0999db84e16adf64c15a7b8039484b33
0a2ce0517f8cb1048f56941e39890f4f,0,0,0,0,0,0,0,7,3,4,0,1048576,samples/malicious/0a2ce0517f8cb1048f56941e39890f4f
0aa7d3b3e3c839e3d4acb6be8c548c44,0,0,0,0,0,0,5,7,3,4,0,1048576,samples/malicious/0aa7d3b3e3c839e3d4acb6be8c548c44
0cdebf9a9e4cee3dacdc96f8beeecee6,0,0,0,0,0,0,5,7,3,4,0,1048576,samples/malicious/0cdebf9a9e4cee3dacdc96f8beeecee6
0ce67d59f3a2a3b98f37a6964af47da3,0,0,0,0,0,0,5,2,3,4,0,1048576,samples/malicious/0ce67d59f3a2a3b98f37a6964af47da3
0d8b8a1307479c5fc790573e4d3bb0c6,0,0,0,0,0,0,5,7,3,4,0,1048576,samples/malicious/0d8b8a1307479c5fc790573e4d3bb0c6
0e2f2731b85c5371466ed04aba18127b,0,0,0,0,0,0,0,6,4,4,0,1048576,samples/malicious/0e2f2731b85c5371466ed04aba18127b
0ee959cb512fc3bd6cadde7dd16d2418,0,0,0,0,0,0,4,4,3,4,0,1048576,samples/malicious/0ee959cb512fc3bd6cadde7dd16d2418
106fe89e0cda0a2114b32b4f4232b3c3,0,0,0,0,0,0,4,7,3,4,0,1048576,samples/malicious/106fe89e0cda0a2114b32b4f4232b3c3
1279f44a442a1923a71c8954cec6873c,0,0,0,0,0,20480,0,7,4,4,0,1048576,samples/malicious/1279f44a442a1923a71c8954cec6873c
12c0858b926d37e52b9794c4a7781faa,0,0,0,0,0,0,4,5,3,4,0,1048576,samples/malicious/12c0858b926d37e52b9794c4a7781faa
143614f0b7cfb8f251bd406e58a1f7f4,0,0,0,0,0,20480,5,7,4,4,0,1048576,samples/malicious/143614f0b7cfb8f251bd406e58a1f7f4
145cf4c62c191189e29cc4ad63af692b,0,0,0,0,0,20480,4,2,4,4,0,1048576,samples/malicious/145cf4c62c191189e29cc4ad63af692b
14dfbb8732c64c1364ebb332b5f25d72,0,0,0,0,0,20480,4,7,4,4,0,1048576,samples/malicious/14dfbb8732c64c1364ebb332b5f25d72
153513a47b0ea01b91322571fee214aa,0,0,0,0,0,0,5,5,3,4,0,1048576,samples/malicious/153513a47b0ea01b91322571fee214aa
15c2b893a388a2808443e1ef3a390d1b,0,0,0,0,0,20480,4,0,4,4,0,1048576,samples/malicious/15c2b893a388a2808443e1ef3a390d1b
1610f046226c53689715efe6186887f3,0,0,0,0,0,20480,5,6,4,4,0,1048576,samples/malicious/1610f046226c53689715efe6186887f3
1632f8e70cce8583b46a72a51db3068e,0,0,0,0,0,20480,5,5,4,4,0,1048576,samples/malicious/1632f8e70cce8583b46a72a51db3068e
16afc734547565241b8c2dce53aebd32,0,0,0,0,0,0,5,2,3,4,0,1048576,samples/malicious/16afc734547565241b8c2dce53aebd32
16fab065726805d3f226ad8c3d9dea94,0,0,0,0,0,0,5,4,3,4,0,1048576,samples/malicious/16fab065726805d3f226ad8c3d9dea94
172ef981119454a4d6e50749b7fe5e31,0,0,0,0,0,20480,4,4,4,4,0,1048576,samples/malicious/172ef981119454a4d6e50749b7fe5e31
183f5a64a8c8d6f0ac114a3e647ea3fb,0,0,0,0,0,20480,4,6,4,4,0,1048576,samples/malicious/183f5a64a8c8d6f0ac114a3e647ea3fb
1853d667ed6de05abd0c6af4e6871ac5,0,0,0,0,0,20480,4,4,4,4,0,1048576,samples/malicious/1853d667ed6de05abd0c6af4e6871ac5
1a07f64eee7fe8309dc96ddfb7e3a1d9,0,0,0,0,0,20480,5,5,4,4,0,1048576,samples/malicious/1a07f64eee7fe8309dc96ddfb7e3a1d9
1c2e9c62e2ad82180c86ad32d0b556e9,0,0,0,0,0,0,5,5,3,4,0,1048576,samples/malicious/1c2e9c62e2ad82180c86ad32d0b556e9
1cacc41bd5336b11330df2c435c8053a,0,0,0,0,0,0,0,5,3,4,0,1048576,samples/malicious/1cacc41bd5336b11330df2c435c8053a
1d35e2d8d7cfd77ceac6631dd6cbbc9c,0,0,0,0,0,20480,5,5,4,4,0,1048576,samples/malicious/1d35e2d8d7cfd77ceac6631dd6cbbc9c
1e0634a2309c00b0cafcf2362ebcb224,0,0,0,0,0,20480,0,6,4,4,0,1048576,samples/malicious/1e0634a2309c00b0cafcf2362ebcb224
1f243b7142d83791d678cac2fd5aeb83,0,0,0,0,0,20480,4,0,4,4,0,1048576,samples/malicious/1f243b7142d83791d678cac2fd5aeb83
1f35c6c2500acea7254c37b3a5b30151,0,0,0,0,0,0,5,6,3,4,0,1048576,samples/malicious/1f35c6c2500acea7254c37b3a5b30151
200768f6f05130bbcabe535b81875420,0,0,0,0,0,0,5,7,3,4,0,1048576,samples/malicious/200768f6f05130bbcabe535b81875420
21102ff7b220c13acbcbf830d9790392,0,0,0,0,0,20480,0,7,4,4,0,1048576,samples/malicious/21102ff7b220c13acbcbf830d9790392
2114dedd415b037049b46fa59df36233,0,0,0,0,0,0,5,7,3,4,0,1048576,samples/malicious/2114dedd415b037049b46fa59df36233
22a13f4995f196e83a32e0b67f41fb7b,0,0,0,0,0,20480,5,5,4,4,0,1048576,samples/malicious/22a13f4995f196e83a32e0b67f41fb7b
22b3050657b77fe7e121ffc24fe989aa,0,0,0,0,0,20480,5,7,4,4,0,1048576,samples/malicious/22b3050657b77fe7e121ffc24fe989aa
2337b4eb2d426502c3bcc5fb10f8f5e9,0,0,0,0,0,0,0,5,3,4,0,1048576,samples/malicious/2337b4eb2d426502c3bcc5fb10f8f5e9
23fc931b68914ace643c22da259990f0,0,0,0,0,0,0,4,7,3,4,0,1048576,samples/malicious/23fc931b68914ace643c22da259990f0
2468e6afd5a35c89be696eb01eed1fc3,0,0,0,0,0,0,5,7,3,4,0,1048576,samples/malicious/2468e6afd5a35c89be696eb01eed1fc3
254fda90d31172cb7b66775dee7e7974,0,0,0,0,0,0,0,6,5,4,12640,1048576,samples/malicious/254fda90d31172cb7b66775dee7e7974
25be0557ff7085c2696024c14dc703a2,0,0,0,0,0,0,0,5,3,4,0,1048576,samples/malicious/25be0557ff7085c2696024c14dc703a2
25dba348b1f07dceaa5b55955d031d19,0,0,0,0,0,0,4,2,3,4,0,1048576,samples/malicious/25dba348b1f07dceaa5b55955d031d19
26937ae295b7ee20cde618c2cf2eaeca,0,0,0,0,0,20480,4,7,4,4,0,1048576,samples/malicious/26937ae295b7ee20cde618c2cf2eaeca
26cd8b7a25a015585ca5f08edf28f8b0,0,0,0,0,0,0,5,6,3,4,0,1048576,samples/malicious/26cd8b7a25a015585ca5f08edf28f8b0
2710dbce04ded2eb1c1408491db83bcb,0,0,0,0,0,0,5,7,3,4,0,1048576,samples/malicious/2710dbce04ded2eb1c1408491db83bcb
2a0227b4cdfc519e92594267585edd8b,0,0,0,0,0,20480,4,7,4,4,0,1048576,samples/malicious/2a0227b4cdfc519e92594267585edd8b
2c5aaeef9016496662fa91e14c70eb6d,0,0,0,0,0,20480,5,7,4,4,0,1048576,samples/malicious/2c5aaeef9016496662fa91e14c70eb6d
2c5c9c6070dec416cb71d6b3c001b8f0,0,0,0,0,0,20480,0,4,4,4,0,1048576,samples/malicious/2c5c9c6070dec416cb71d6b3c001b8f0
2cf049497bfe5c2384592c58b3ac0136,0,0,0,0,0,20480,0,7,4,4,0,1048576,samples/malicious/2cf049497bfe5c2384592c58b3ac0136
2deac78f979789adf20306a1d7171aaa,0,0,0,0,0,0,5,5,3,4,0,1048576,samples/malicious/2deac78f979789adf20306a1d7171aaa
2f34f1639fade223c0ac4ab6806b0312,0,0,0,0,0,0,0,6,3,4,0,1048576,samples/malicious/2f34f1639fade223c0ac4ab6806b0312
2fdb28e8dec3396f986d8027bcd62e13,0,0,0,0,0,16384,5,7,4,4,0,1048576,samples/malicious/2fdb28e8dec3396f986d8027bcd62e13
30950e30cc3436edf4dde52857eb4cb2,0,0,0,0,0,20480,4,2,4,4,0,1048576,samples/malicious/30950e30cc3436edf4dde52857eb4cb2
30d33823533326254b6834727408d434,0,0,0,0,0,20480,5,0,4,4,0,1048576,samples/malicious/30d33823533326254b6834727408d434
31858451ff79576d545e95901b36cf66,0,0,0,0,0,20480,0,6,4,4,0,1048576,samples/malicious/31858451ff79576d545e95901b36cf66
31fd3f3e54ca9c5c6fce153db1c375bb,0,0,0,0,0,0,0,6,3,4,0,1048576,samples/malicious/31fd3f3e54ca9c5c6fce153db1c375bb
3219b023563602cc4557309ab656c825,0,0,0,0,0,16384,5,7,4,4,0,1048576,samples/malicious/3219b023563602cc4557309ab656c825
3245cf32daeb11493a3560b01075ff35,0,0,0,0,0,0,4,4,3,4,0,1048576,samples/malicious/3245cf32daeb11493a3560b01075ff35
33b7fbd6cd7cb98693813c40ee57581b,0,0,0,0,0,0,0,2,3,4,0,1048576,samples/malicious/33b7fbd6cd7cb98693813c40ee57581b
3443e1ec1d57211dda11a7f2c9fd3566,0,0,0,0,0,0,5,7,3,4,0,1048576,samples/malicious/3443e1ec1d57211dda11a7f2c9fd3566
345004633174388211c2475cedb6de9a,0,0,0,0,0,16384,0,6,4,4,1216,1048576,samples/malicious/345004633174388211c2475cedb6de9a
34515dff42dbeca62c7ddad00a879785,0,0,0,0,0,0,5,7,3,4,0,1048576,samples/malicious/34515dff42dbeca62c7ddad00a879785
346c31d2b7322125a5112a00beff0032,0,0,0,0,0,0,4,2,3,4,0,1048576,samples/malicious/346c31d2b7322125a5112a00beff0032
349c37c274bf342c5996d81ea139f09f,0,0,0,0,0,0,5,7,3,4,0,1048576,samples/malicious/349c37c274bf342c5996d81ea139f09f
350f004e725d708100f30a9af9e69da4,0,0,0,0,0,0,5,6,3,4,0,1048576,samples/malicious/350f004e725d708100f30a9af9e69da4
3601f0e561d42591694166b3849b3c5a,0,0,0,0,0,20480,5,7,4,4,0,1048576,samples/malicious/3601f0e561d42591694166b3849b3c5a
3615654af025f74140a561583ee9a7b6,0,0,0,0,0,20480,5,7,4,4,0,1048576,samples/malicious/3615654af025f74140a561583ee9a7b6
37d05ec59b614d81c6ca43fab06ec62a,0,0,0,0,0,0,4,7,3,4,0,1048576,samples/malicious/37d05ec59b614d81c6ca43fab06ec62a
3847271dcfa2284f623e139dd3a99a33,0,0,0,0,0,0,4,0,3,4,0,1048576,samples/malicious/3847271dcfa2284f623e139dd3a99a33
3862324588ab63a2a9534cf872ed5797,0,0,0,0,0,0,5,6,3,4,0,1048576,samples/malicious/3862324588ab63a2a9534cf872ed5797
386a031540c2bac13e9cef0af583a481,0,0,0,0,0,0,5,7,3,4,0,1048576,samples/malicious/386a031540c2bac13e9cef0af583a481
3961ade959125b0e3c864c346f433290,0,0,0,0,0,0,4,6,3,4,0,1048576,samples/malicious/3961ade959125b0e3c864c346f433290
3d9ea5f8e1b42c899b473f8d4d44bd61,0,0,0,0,0,0,5,2,3,4,0,1048576,samples/malicious/3d9ea5f8e1b42c899b473f8d4d44bd61
3f497a33bb68139c3b8cf8cbf0d680c0,0,0,0,0,0,0,5,7,3,4,0,1048576,samples/malicious/3f497a33bb68139c3b8cf8cbf0d680c0
4011b89a9f2e1b89a34f61b38052eef3,0,0,0,0,0,20480,5,5,4,4,0,1048576,samples/malicious/4011b89a9f2e1b89a34f61b38052eef3
409ef2288553bdc6fed4c7bf6ca726cf,0,0,0,0,0,0,4,4,3,4,0,1048576,samples/malicious/409ef2288553bdc6fed4c7bf6ca726cf
41563c0bb924075396afba8201ee6961,0,0,0,0,0,0,5,7,3,4,0,1048576,samples/malicious/41563c0bb924075396afba8201ee6961
41f4810a3e7e7be0c5ae75a231ab45c3,0,0,0,0,0,20480,4,7,4,4,0,1048576,samples/malicious/41f4810a3e7e7be0c5ae75a231ab45c3
422f88f237bbf526c03ea497778ecb56,0,0,0,0,0,20480,4,5,4,4,0,1048576,samples/malicious/422f88f237bbf526c03ea497778ecb56
43afc85ead62483e76a71e45bd64c3e0,0,0,0,0,0,0,5,7,3,4,0,1048576,samples/malicious/43afc85ead62483e76a71e45bd64c3e0
4521d6a1637f639d934a96e8906322d3,0,0,0,0,0,0,0,5,3,4,0,1048576,samples/malicious/4521d6a1637f639d934a96e8906322d3
4530167b9aaf54aa3a045ffee5fef5f5,0,0,0,0,0,0,5,7,3,4,0,1048576,samples/malicious/4530167b9aaf54aa3a045ffee5fef5f5
45ed9ed5ba00a1a9ff8dd83b2e4edcc0,0,0,0,0,0,0,5,2,3,4,0,1048576,samples/malicious/45ed9ed5ba00a1a9ff8dd83b2e4edcc0
4662a802-cf3b-11e6-ac42-80e65024849a.file,0,0,0,0,0,49152,0,6,5,4,57288,1048576,samples/malicious/4662a802-cf3b-11e6-ac42-80e65024849a.file
46778356f96cb96716be8bed638f0c27,0,0,0,0,0,0,4,0,3,4,0,1048576,samples/malicious/46778356f96cb96716be8bed638f0c27
46caaa908bf7d542303b872f65eac4c1,0,0,0,0,0,0,5,2,3,4,0,1048576,samples/malicious/46caaa908bf7d542303b872f65eac4c1
4a429ceb1533e8af80a831ced3ca457f,0,0,0,0,0,0,4,6,3,4,0,1048576,samples/malicious/4a429ceb1533e8af80a831ced3ca457f
4bd4abef3abb8f896ceab039f1e728e9,0,0,0,0,0,0,5,5,3,4,0,1048576,samples/malicious/4bd4abef3abb8f896ceab039f1e728e9
4cdf1c78a4d8c45765854b2360922f78,0,0,0,0,0,0,0,5,3,4,0,1048576,samples/malicious/4cdf1c78a4d8c45765854b2360922f78
504e88c2576d564a271d694c2014b3a5,0,0,0,0,0,0,0,6,3,4,0,1048576,samples/malicious/504e88c2576d564a271d694c2014b3a5
50642871d625edf9306973ce9d9bb27e,0,0,0,0,0,12288,0,6,3,4,0,1048576,samples/malicious/50642871d625edf9306973ce9d9bb27e
515129deae053d9a1d84a207b04b99b7,0,0,0,0,0,0,5,7,3,4,0,1048576,samples/malicious/515129deae053d9a1d84a207b04b99b7
522c7c7ac4bafcfa5862bc782b020cff,0,0,0,0,0,20480,5,5,4,4,0,1048576,samples/malicious/522c7c7ac4bafcfa5862bc782b020cff
5294ed60bf943b6d07191a34cc6e9035,0,0,0,0,0,0,5,4,3,4,0,1048576,samples/malicious/5294ed60bf943b6d07191a34cc6e9035
54a13fd685ae7d4e281ba1756d36c1d7,0,0,0,0,0,0,5,2,3,4,0,1048576,samples/malicious/54a13fd685ae7d4e281ba1756d36c1d7
567e9bde95fcaa31e8d800afdb12937b,0,0,0,0,0,0,5,5,3,4,0,1048576,samples/malicious/567e9bde95fcaa31e8d800afdb12937b
56885425f2b90b425c9c02834ceb59f8,0,0,0,0,0,20480,4,7,4,4,0,1048576,samples/malicious/56885425f2b90b425c9c02834ceb59f8
5740328c-d84b-11e6-b93b-80e65024849a.file,345888,28,0,0,0,344064,0,7,4,4,877720,1048576,samples/malicious/5740328c-d84b-11e6-b93b-80e65024849a.file
59105ddd73540e2a8b862a4d349a9767,0,0,0,0,0,0,4,5,3,4,0,1048576,samples/malicious/59105ddd73540e2a8b862a4d349a9767
5a45ba446d26faaf24e09a482aed9c35,0,0,0,0,0,20480,0,4,4,4,0,1048576,samples/malicious/5a45ba446d26faaf24e09a482aed9c35
5aaa3f6708c1b5d3309073028c32c024,0,0,0,0,0,20480,5,7,4,4,0,1048576,samples/malicious/5aaa3f6708c1b5d3309073028c32c024
5b9f00763e0efaa00c893cc8cee60706,0,0,0,0,0,0,4,4,3,4,0,1048576,samples/malicious/5b9f00763e0efaa00c893cc8cee60706
5bb012e9693dd611de8b0cd1f7ac66a8,0,0,0,0,0,0,5,6,3,4,0,1048576,samples/malicious/5bb012e9693dd611de8b0cd1f7ac66a8
5d8cfc6bdf137c263a799518c172a542,0,0,0,0,0,0,5,4,3,4,0,1048576,samples/malicious/5d8cfc6bdf137c263a799518c172a542
5e7bddf1750f7510ec291cda26f2ac4a,0,0,0,0,0,0,4,0,3,4,0,1048576,samples/malicious/5e7bddf1750f7510ec291cda26f2ac4a
5ed0e83e83620a302939bb81ed3d540a,0,0,0,0,0,20480,5,0,4,4,0,1048576,samples/malicious/5ed0e83e83620a302939bb81ed3d540a
5f8034e5cd77a7abaacf3ce950956688,0,0,0,0,0,0,5,7,3,4,0,1048576,samples/malicious/5f8034e5cd77a7abaacf3ce950956688
60c96ac19256c49a9071345b3f9a0e0d,0,0,0,0,0,0,4,7,3,4,0,1048576,samples/malicious/60c96ac19256c49a9071345b3f9a0e0d
61f85589ca09d72f41288785ab277f21,0,0,0,0,0,0,4,7,3,4,0,1048576,samples/malicious/61f85589ca09d72f41288785ab277f21
62498aae3079033bad881c5d2b8da180,0,0,0,0,0,0,4,2,3,4,0,1048576,samples/malicious/62498aae3079033bad881c5d2b8da180
644e0858ce1985b0b2c29af5188c6a4e,0,0,0,4147576991,0,20480,4,0,4,4,0,1048576,samples/malicious/644e0858ce1985b0b2c29af5188c6a4e
652dccd320b9f1dadfba70c949425b00,0,0,0,0,0,20480,0,6,4,4,0,1048576,samples/malicious/652dccd320b9f1dadfba70c949425b00
666fe7bc1975f713eebee8f91d163750,0,0,0,0,0,0,4,6,3,4,0,1048576,samples/malicious/666fe7bc1975f713eebee8f91d163750
6737574c9695053cd6795dcac95e10db,0,0,0,0,0,20480,4,7,4,4,0,1048576,samples/malicious/6737574c9695053cd6795dcac95e10db
67a73ae1a530ec9299c50eda02331e0c,0,0,0,0,0,0,4,7,3,4,0,1048576,samples/malicious/67a73ae1a530ec9299c50eda02331e0c
67daf3dab9211b215ba95fccdce7c1c7,0,0,0,0,0,20480,0,4,4,4,0,1048576,samples/malicious/67daf3dab9211b215ba95fccdce7c1c7
687c915e45d20ddac645f8d578a9e047,0,0,0,0,0,16384,4,5,4,4,0,1048576,samples/malicious/687c915e45d20ddac645f8d578a9e047
687e457b4c3624cd5a0384c07a0c02b9,0,0,0,0,0,0,4,2,3,4,0,1048576,samples/malicious/687e457b4c3624cd5a0384c07a0c02b9
698273e9397e754ef4646f5e487305a1,0,0,0,0,0,20480,5,7,4,4,0,1048576,samples/malicious/698273e9397e754ef4646f5e487305a1
6a974b5ec9d400e3d5939a7fbf873185,0,0,0,0,0,20480,5,6,4,4,0,1048576,samples/malicious/6a974b5ec9d400e3d5939a7fbf873185
6aa11563e7b16c6b016182ba28b720ec,0,0,0,0,0,20480,5,0,4,4,0,1048576,samples/malicious/6aa11563e7b16c6b016182ba28b720ec
6ac26e87d1167671bfb74c404058c74f,0,0,0,0,0,20480,5,5,4,4,0,1048576,samples/malicious/6ac26e87d1167671bfb74c404058c74f
6c73d39433323b436948a361f29c8340,0,0,0,0,0,28672,0,6,4,4,19144,1048576,samples/malicious/6c73d39433323b436948a361f29c8340
6cbefdb4fd7d916a925000dac2708b72,0,0,0,0,0,20480,5,2,4,4,0,1048576,samples/malicious/6cbefdb4fd7d916a925000dac2708b72
6cd13f7035506de1b87592d72b65fa41,0,0,0,0,0,16384,4,6,4,4,0,1048576,samples/malicious/6cd13f7035506de1b87592d72b65fa41
6e367064357a7cf4e1a3535fc9be7360,0,0,0,0,0,0,5,7,3,4,0,1048576,samples/malicious/6e367064357a7cf4e1a3535fc9be7360
706f69a91acf87ef094a3f20e056f9d0,0,0,0,0,0,20480,5,7,4,4,0,1048576,samples/malicious/706f69a91acf87ef094a3f20e056f9d0
7363b90849cca1457e8e252768f2f0d2,0,0,0,0,0,0,5,7,3,4,0,1048576,samples/malicious/7363b90849cca1457e8e252768f2f0d2
737d1a3a21adb4b50ecf7f16a8146c48,0,0,0,0,0,0,5,7,3,4,0,1048576,samples/malicious/737d1a3a21adb4b50ecf7f16a8146c48
746413976f56dbf34ec18dc044c7ecea,0,0,0,0,0,0,4,7,3,4,0,1048576,samples/malicious/746413976f56dbf34ec18dc044c7ecea
74fd003170c340d217435455e77209d2,0,0,0,0,0,0,4,0,3,4,0,1048576,samples/malicious/74fd003170c340d217435455e77209d2
75462fc5e6b70b48ba8153e62cfe7f7d,0,0,0,0,0,0,5,2,3,4,0,1048576,samples/malicious/75462fc5e6b70b48ba8153e62cfe7f7d
757926c4cce631c4beb7ce6fe8ebd8e2,0,0,0,0,0,0,5,6,3,4,0,1048576,samples/malicious/757926c4cce631c4beb7ce6fe8ebd8e2
77ff8bb38d650dfb787590bc5177c0d4,0,0,0,0,0,20480,0,6,4,4,0,1048576,samples/malicious/77ff8bb38d650dfb787590bc5177c0d4
7829a0351c7f1f00a53494e480e7c1ef,0,0,0,0,0,0,5,7,3,4,0,1048576,samples/malicious/7829a0351c7f1f00a53494e480e7c1ef
794d00f3d6201421cd82d4a59a6779d2,0,0,0,0,0,0,0,2,8,4,324372,1048576,samples/malicious/794d00f3d6201421cd82d4a59a6779d2
798dd12f3a62fcf4360d5eaf637d7a0a,0,0,0,0,0,0,5,5,3,4,0,1048576,samples/malicious/798dd12f3a62fcf4360d5eaf637d7a0a
79adbf03369057cd34d34f0487da3efa,0,0,0,0,0,20480,5,5,4,4,0,1048576,samples/malicious/79adbf03369057cd34d34f0487da3efa
79af26fa77fda05f1537ceb55a07813a,0,0,0,0,0,0,5,2,3,4,0,1048576,samples/malicious/79af26fa77fda05f1537ceb55a07813a
7a35f7960be775cb3032f2c5931461d2,0,0,0,0,0,0,5,7,3,4,0,1048576,samples/malicious/7a35f7960be775cb3032f2c5931461d2
7b14560e7ed892efed2e7ec4e9d37ee7,0,0,0,0,0,0,0,6,3,4,0,1048576,samples/malicious/7b14560e7ed892efed2e7ec4e9d37ee7
7b58d08aa58784af13f9874cf5e8155e,0,0,0,0,0,0,4,0,3,4,0,1048576,samples/malicious/7b58d08aa58784af13f9874cf5e8155e
7bb9e89f77d7113358134320de82476b,0,0,0,0,0,0,5,7,3,4,0,1048576,samples/malicious/7bb9e89f77d7113358134320de82476b
7cb9c0da84cdb9d0b50bbce4255bc21d,0,0,0,0,0,0,5,6,3,4,0,1048576,samples/malicious/7cb9c0da84cdb9d0b50bbce4255bc21d
7d18ddc7e7811e7b832594ee3250cf7c,0,0,0,0,0,0,5,7,3,4,0,1048576,samples/malicious/7d18ddc7e7811e7b832594ee3250cf7c
7dee7400c0ca5bb0c0ca2b2835947048,0,0,0,0,0,16384,0,4,4,4,0,1048576,samples/malicious/7dee7400c0ca5bb0c0ca2b2835947048
7e58a7d2e2f109d4612ddad6a83b501d,0,0,0,0,0,0,5,2,3,4,0,1048576,samples/malicious/7e58a7d2e2f109d4612ddad6a83b501d
7e8f798a34f3df9fc74873a66cf7b973,0,0,0,0,0,0,0,7,3,4,0,1048576,samples/malicious/7e8f798a34f3df9fc74873a66cf7b973
7fca52c22d185edbb9e5c784c614a9a5,0,0,0,0,0,0,4,0,3,4,0,1048576,samples/malicious/7fca52c22d185edbb9e5c784c614a9a5
7fe061686e4d9a02e4a89c2066f9de41,0,0,0,0,0,0,5,7,3,4,0,1048576,samples/malicious/7fe061686e4d9a02e4a89c2066f9de41
845d180c81e7a63e0bd165a9412ac005,0,0,0,0,0,16384,0,4,4,4,0,1048576,samples/malicious/845d180c81e7a63e0bd165a9412ac005
8495fc222905dee21c97f8ba4e7695f4,0,0,0,0,0,20480,5,5,4,4,0,1048576,samples/malicious/8495fc222905dee21c97f8ba4e7695f4
85262559-d521-11e6-a463-80e65024849a.file,345888,28,0,0,0,344064,0,7,4,4,877720,1048576,samples/malicious/85262559-d521-11e6-a463-80e65024849a.file
8575722a4c53182565e191b7aae9c560,0,0,0,0,0,20480,5,6,4,4,0,1048576,samples/malicious/8575722a4c53182565e191b7aae9c560
85dd7f226b0b2566ca0cb635b6998afa,0,0,0,0,0,0,0,6,3,4,0,1048576,samples/malicious/85dd7f226b0b2566ca0cb635b6998afa
86d12efe1974c9b23773601ddc077ada,0,0,0,0,0,20480,4,4,4,4,0,1048576,samples/malicious/86d12efe1974c9b23773601ddc077ada
880bb6bcc9e36bb6539d26aa70dec14f,0,0,0,0,0,20480,4,7,4,4,0,1048576,samples/malicious/880bb6bcc9e36bb6539d26aa70dec14f
882415e641a7eab77bbf76e0f467773e,0,0,0,0,0,0,4,7,3,4,0,1048576,samples/malicious/882415e641a7eab77bbf76e0f467773e
89124fbcf14e9d50ad879b274e8af273,0,0,0,0,0,20480,0,7,4,4,0,1048576,samples/malicious/89124fbcf14e9d50ad879b274e8af273
8938dd74df0e610f8897829ca361bed1,0,0,0,0,0,0,5,2,3,4,0,1048576,samples/malicious/8938dd74df0e610f8897829ca361bed1
89c3e35dce2a7b8b78d0fb03c7e523de,0,0,0,0,0,0,4,4,3,4,0,1048576,samples/malicious/89c3e35dce2a7b8b78d0fb03c7e523de
89e61bb8-d521-11e6-a17c-80e65024849a.file,0,0,0,0,0,88872,0,2,4,4,0,1048576,samples/malicious/89e61bb8-d521-11e6-a17c-80e65024849a.file
8a61f2eb-d521-11e6-986c-80e65024849a.file,53248,28,320,0,0,49820,0,14,8,6,180948,1048576,samples/malicious/8a61f2eb-d521-11e6-986c-80e65024849a.file
8b3b39d857745173d2f44d850001ebbc,0,0,0,0,0,0,4,4,3,4,0,1048576,samples/malicious/8b3b39d857745173d2f44d850001ebbc
8b433dc7d4a8d733b62f58bb624a6762,0,0,0,0,0,0,5,2,3,4,0,1048576,samples/malicious/8b433dc7d4a8d733b62f58bb624a6762
8b95789c1b276c8b205fadaa22f354be,0,0,0,0,0,20480,4,6,4,4,0,1048576,samples/malicious/8b95789c1b276c8b205fadaa22f354be
8b9adecf301b2f079a3c6e1960b7adf9,0,0,0,0,0,0,0,2,3,4,0,1048576,samples/malicious/8b9adecf301b2f079a3c6e1960b7adf9
8bc29a27bc9b961974a97fa49ea95193,0,0,0,0,0,20480,5,0,4,4,0,1048576,samples/malicious/8bc29a27bc9b961974a97fa49ea95193
8d6bac6ac9bb96bdb17e2f947a7e5d7c,0,0,0,0,0,20480,4,5,4,4,0,1048576,samples/malicious/8d6bac6ac9bb96bdb17e2f947a7e5d7c
8f019a41921370b540e7e87f27f80a5f,0,0,0,0,0,0,5,5,3,4,0,1048576,samples/malicious/8f019a41921370b540e7e87f27f80a5f
9038255c979ce757fc2ad3ac63bca6ba,0,0,0,0,0,20480,5,2,4,4,0,1048576,samples/malicious/9038255c979ce757fc2ad3ac63bca6ba
91825a730b6f7d51708efde2b46d58fa,0,0,0,0,0,0,5,7,3,4,0,1048576,samples/malicious/91825a730b6f7d51708efde2b46d58fa
91a37f7d13717ca39dd92eac81931ff9,0,0,0,0,0,20480,5,7,4,4,0,1048576,samples/malicious/91a37f7d13717ca39dd92eac81931ff9
94f435d223ea469d3a70cfee23797cb9,0,0,0,0,0,20480,0,6,4,4,0,1048576,samples/malicious/94f435d223ea469d3a70cfee23797cb9
95470cc9ff2861c5455546444857de6e,0,0,0,0,0,0,4,5,3,4,0,1048576,samples/malicious/95470cc9ff2861c5455546444857de6e
96c0070dec4f990ae00aa32c0145fb36,0,0,0,0,0,16384,5,4,4,4,0,1048576,samples/malicious/96c0070dec4f990ae00aa32c0145fb36
96d9bd1457b43afdf74ea8a292e2055b,0,0,0,0,0,16384,5,7,4,4,0,1048576,samples/malicious/96d9bd1457b43afdf74ea8a292e2055b
976ba6a95ee9bf23f6cff18b94d08aad,0,0,0,0,0,28672,0,6,4,4,19144,1048576,samples/malicious/976ba6a95ee9bf23f6cff18b94d08aad
98532509752b3a2a1b408417848fdfb7,0,0,0,0,0,0,4,4,3,4,0,1048576,samples/malicious/98532509752b3a2a1b408417848fdfb7
985e7763b3e7e1543fc5b9c9b47ddd9e,0,0,0,0,0,0,5,7,3,4,0,1048576,samples/malicious/985e7763b3e7e1543fc5b9c9b47ddd9e
9a9f93c4d2578a7be360bdd9b3670819,0,0,0,0,0,0,5,0,3,4,0,1048576,samples/malicious/9a9f93c4d2578a7be360bdd9b3670819
9aa4f0d2720dec28bf658bec0bb605cd,0,0,0,0,0,0,4,7,3,4,0,1048576,samples/malicious/9aa4f0d2720dec28bf658bec0bb605cd
9b2b804cd204df17766faef7ec61574e,0,0,0,0,0,0,5,6,3,4,0,1048576,samples/malicious/9b2b804cd204df17766faef7ec61574e
9cb028ecde0a81ab5b4a127f0f80d285,0,0,0,0,0,0,4,7,3,4,0,1048576,samples/malicious/9cb028ecde0a81ab5b4a127f0f80d285
9d3d3701d8ad34066fb9834a5e3705da,0,0,0,0,0,0,5,5,3,4,0,1048576,samples/malicious/9d3d3701d8ad34066fb9834a5e3705da
9d691594-d521-11e6-9266-80e65024849a.file,0,0,33024,0,0,12288,0,10,4,5,195128,1048576,samples/malicious/9d691594-d521-11e6-9266-80e65024849a.file
9d93d5811c98e59256a440f04a2e934b,0,0,0,0,0,20480,5,6,4,4,0,1048576,samples/malicious/9d93d5811c98e59256a440f04a2e934b
9dd3e4f68937da1effbaa43b3c9eb1ef,0,0,0,0,0,0,5,2,3,4,0,1048576,samples/malicious/9dd3e4f68937da1effbaa43b3c9eb1ef
9ddc0508e2873db8eb5958b4c04ee7e3,0,0,0,4147576991,0,20480,4,0,4,4,0,1048576,samples/malicious/9ddc0508e2873db8eb5958b4c04ee7e3
9f5bd959c3e60aa4f06de42fe4e61293,0,0,0,0,0,0,5,2,3,4,0,1048576,samples/malicious/9f5bd959c3e60aa4f06de42fe4e61293
a184507194df280881f8357c53ec2286,0,0,0,0,0,0,4,0,3,4,0,1048576,samples/malicious/a184507194df280881f8357c53ec2286
a265f9fafacb24e2d7859eef6b9e645f,0,0,0,0,0,20480,5,5,4,4,0,1048576,samples/malicious/a265f9fafacb24e2d7859eef6b9e645f
a2e885f5-d63e-11e6-b62a-80e65024849a.file,345888,28,0,0,0,344064,0,7,4,4,877720,1048576,samples/malicious/a2e885f5-d63e-11e6-b62a-80e65024849a.file
a3e14a0aa6f80d6307aba0d85791f6db,0,0,0,0,0,20480,0,7,4,4,0,1048576,samples/malicious/a3e14a0aa6f80d6307aba0d85791f6db
a426e45c0b8fa899d7968be43bde3b52,0,0,0,0,0,20480,4,4,4,4,0,1048576,samples/malicious/a426e45c0b8fa899d7968be43bde3b52
a5856862008fe194200c43ed65fa27ff,0,0,0,0,0,0,5,7,3,4,0,1048576,samples/malicious/a5856862008fe194200c43ed65fa27ff
a5c9b7dbaced6edcaef9c9ee75305dd9,0,0,0,0,0,0,5,7,3,4,0,1048576,samples/malicious/a5c9b7dbaced6edcaef9c9ee75305dd9
a5e2eba8b35335df65a9ea2f56c56fbe,0,0,0,0,0,20480,0,5,4,4,0,1048576,samples/malicious/a5e2eba8b35335df65a9ea2f56c56fbe
a6444b424123a3e11deb488696a4111a,0,0,0,0,0,0,5,7,3,4,0,1048576,samples/malicious/a6444b424123a3e11deb488696a4111a
a6e6c00c2f1bafcd514d51ecababa2d7,0,0,0,0,0,20480,0,7,4,4,0,1048576,samples/malicious/a6e6c00c2f1bafcd514d51ecababa2d7
a7789eb3-dd50-11e6-8b18-80e65024849a.file,0,0,33024,0,0,12288,0,10,4,5,195128,1048576,samples/malicious/a7789eb3-dd50-11e6-8b18-80e65024849a.file
a7bdf963-d63e-11e6-945a-80e65024849a.file,0,0,0,0,0,88872,0,2,4,4,0,1048576,samples/malicious/a7bdf963-d63e-11e6-945a-80e65024849a.file
a807e32e-dd50-11e6-a4c3-80e65024849a.file,345888,28,0,0,0,344064,0,7,4,4,877720,1048576,samples/malicious/a807e32e-dd50-11e6-a4c3-80e65024849a.file
a825bfdc-d63e-11e6-bb36-80e65024849a.file,53248,28,320,0,0,49820,0,14,8,6,180948,1048576,samples/malicious/a825bfdc-d63e-11e6-bb36-80e65024849a.file
a85565bc81f3338d735cc73ef3de7a9b,0,0,0,0,0,0,5,7,3,4,0,1048576,samples/malicious/a85565bc81f3338d735cc73ef3de7a9b
a8b633aaf1d5061a4ec8e6fc289e62b8,0,0,0,0,0,0,0,7,3,4,0,1048576,samples/malicious/a8b633aaf1d5061a4ec8e6fc289e62b8
a8cc209e8e27944c546f1013419fe88d,0,0,0,0,0,0,4,2,3,4,0,1048576,samples/malicious/a8cc209e8e27944c546f1013419fe88d
a91654f23d47b34eb2d76216387b3f44,0,0,0,0,0,0,5,7,3,4,0,1048576,samples/malicious/a91654f23d47b34eb2d76216387b3f44
aa2bf2d0b0f0080bfcbb8d93793b11c5,0,0,0,0,0,16384,0,4,4,4,0,1048576,samples/malicious/aa2bf2d0b0f0080bfcbb8d93793b11c5
aa3b4da812359947f009cb3d7933bcf2,0,0,0,0,0,20480,0,7,4,4,0,1048576,samples/malicious/aa3b4da812359947f009cb3d7933bcf2
abad47f2044f38a6a9979d9da919a5c9,0,0,0,0,0,0,4,0,3,4,0,1048576,samples/malicious/abad47f2044f38a6a9979d9da919a5c9
ad520eca-db13-11e6-92c2-80e65024849a.file,333552,28,0,0,0,331776,0,7,4,4,627336,1048576,samples/malicious/ad520eca-db13-11e6-92c2-80e65024849a.file
ade4caeb76159fab1366186a06c6919f,0,0,0,0,0,0,5,7,3,4,0,1048576,samples/malicious/ade4caeb76159fab1366186a06c6919f
ae469bed30c28f74ae4a7f699bd832fc,0,0,0,0,0,0,5,2,3,4,0,1048576,samples/malicious/ae469bed30c28f74ae4a7f699bd832fc
affe8587b089b6137366bf27b8a1cfb4,0,0,0,0,0,20480,5,7,4,4,0,1048576,samples/malicious/affe8587b089b6137366bf27b8a1cfb4
b06911c9f4715ec9db9869892ff4898f,0,0,0,0,0,0,5,7,3,4,0,1048576,samples/malicious/b06911c9f4715ec9db9869892ff4898f
b162c2ac601e36837bfc3dceff5708aa,0,0,0,0,0,0,4,0,3,4,0,1048576,samples/malicious/b162c2ac601e36837bfc3dceff5708aa
b1cb339ff1d3fbd3232bfbe4579c2665,0,0,0,0,0,0,0,2,3,4,0,1048576,samples/malicious/b1cb339ff1d3fbd3232bfbe4579c2665
b5b0a28089870c87abffb625e1ad2f83,0,0,0,0,0,20480,5,5,4,4,0,1048576,samples/malicious/b5b0a28089870c87abffb625e1ad2f83
b5be8c2261e98d0b8e1744751e4ad09f,0,0,0,0,0,20480,4,6,4,4,0,1048576,samples/malicious/b5be8c2261e98d0b8e1744751e4ad09f
b61dbcfc29b18f9aab80ac7442b73098,0,0,0,0,0,0,4,7,3,4,0,1048576,samples/malicious/b61dbcfc29b18f9aab80ac7442b73098
b6d00a3c4e5f49892005383b839d4a56,0,0,0,0,0,0,4,0,3,4,0,1048576,samples/malicious/b6d00a3c4e5f49892005383b839d4a56
b72396ccb988e711978f3bbfb848fd81,0,0,0,0,0,20480,0,4,4,4,0,1048576,samples/malicious/b72396ccb988e711978f3bbfb848fd81
b73882fb059188a5784bff373f196f47,0,0,0,0,0,20480,0,4,4,4,0,1048576,samples/malicious/b73882fb059188a5784bff373f196f47
b7ce02c44a222baebd3775f424a0e1ec,0,0,0,0,0,0,5,2,3,4,0,1048576,samples/malicious/b7ce02c44a222baebd3775f424a0e1ec
b8e931159b4861935b46213bd742dd28,0,0,0,0,0,0,0,5,3,4,0,1048576,samples/malicious/b8e931159b4861935b46213bd742dd28
b91b0f90a6697593f6b911a1f9fe4885,0,0,0,0,0,0,5,4,3,4,0,1048576,samples/malicious/b91b0f90a6697593f6b911a1f9fe4885
b9405183b603a9e4e01c54ff3cccfc32,0,0,0,0,0,0,4,5,3,4,0,1048576,samples/malicious/b9405183b603a9e4e01c54ff3cccfc32
b9d934bf4536375b084ae86cedbfb02b,0,0,0,0,0,16384,5,7,4,4,0,1048576,samples/malicious/b9d934bf4536375b084ae86cedbfb02b
bae3b07a-d63e-11e6-8360-80e65024849a.file,0,0,33024,0,0,12288,0,10,4,5,195128,1048576,samples/malicious/bae3b07a-d63e-11e6-8360-80e65024849a.file
bb8197393f1c288ce0f1a75de9de6f84,0,0,0,0,0,20480,0,4,4,4,0,1048576,samples/malicious/bb8197393f1c288ce0f1a75de9de6f84
bd0544f40356de1f3abecdff232ff660,0,0,0,0,0,0,4,7,3,4,0,1048576,samples/malicious/bd0544f40356de1f3abecdff232ff660
be2ba17405ada2f43969d114f4ac445c,0,0,0,0,0,20480,0,5,4,4,0,1048576,samples/malicious/be2ba17405ada2f43969d114f4ac445c
bf654d41bc86ac0f2ac9458c3d37c011,0,0,0,0,0,0,0,6,3,4,0,1048576,samples/malicious/bf654d41bc86ac0f2ac9458c3d37c011
bfbc559af94d6405ccfe2b11a9328a9c,0,0,0,0,0,0,5,6,3,4,0,1048576,samples/malicious/bfbc559af94d6405ccfe2b11a9328a9c
c02cff8f-e60e-11e6-ba23-80e65024849a.file,329456,28,0,0,0,327680,0,7,4,4,879944,1048576,samples/malicious/c02cff8f-e60e-11e6-ba23-80e65024849a.file
c08141b7e8e88b0ef7db8bf4084ab951,0,0,0,0,0,20480,5,0,4,4,0,1048576,samples/malicious/c08141b7e8e88b0ef7db8bf4084ab951
c1273f48a91be6cc2de93a6f72ff11f5,0,0,0,0,0,20480,5,2,4,4,0,1048576,samples/malicious/c1273f48a91be6cc2de93a6f72ff11f5
c3b57c340af006a66a66b63d7f582d84,0,0,0,0,0,20480,4,7,4,4,0,1048576,samples/malicious/c3b57c340af006a66a66b63d7f582d84
c49da4b37663240c1bec7a4e86a9abef,0,0,0,0,0,20480,5,6,4,4,0,1048576,samples/malicious/c49da4b37663240c1bec7a4e86a9abef
c49ea2fadc1e9d8b13725c37a5d35d62,0,0,0,0,0,0,5,7,3,4,0,1048576,samples/malicious/c49ea2fadc1e9d8b13725c37a5d35d62
c4dba0f33f298a79402aefdb58735842,0,0,0,0,0,0,0,5,3,4,0,1048576,samples/malicious/c4dba0f33f298a79402aefdb58735842
c55a268fe9a39ae49ed8c14ccc002ca0,0,0,0,0,0,20480,4,6,4,4,0,1048576,samples/malicious/c55a268fe9a39ae49ed8c14ccc002ca0
c602e26824614adaae6b019d14d43c6a,0,0,0,0,0,20480,4,7,4,4,0,1048576,samples/malicious/c602e26824614adaae6b019d14d43c6a
c61c9e6c7b74fd4bae0927f8b3b67a8f,0,0,0,0,0,20480,5,6,4,4,0,1048576,samples/malicious/c61c9e6c7b74fd4bae0927f8b3b67a8f
c68a09582c7898352a8b89a18c496afc,0,0,0,0,0,20480,0,6,4,4,0,1048576,samples/malicious/c68a09582c7898352a8b89a18c496afc
c6a36cac2913721e310d920640990f01,0,0,0,0,0,16384,4,6,4,4,0,1048576,samples/malicious/c6a36cac2913721e310d920640990f01
c7cb9678e7661a2597606680fd7512de,0,0,0,0,0,20480,4,4,4,4,0,1048576,samples/malicious/c7cb9678e7661a2597606680fd7512de
c801591301c0715fb96dc8ef708a1e8a,0,0,0,0,0,0,4,0,3,4,0,1048576,samples/malicious/c801591301c0715fb96dc8ef708a1e8a
c8df404d4814bfb76a4cd74272010ae3,0,0,0,0,0,20480,5,7,4,4,0,1048576,samples/malicious/c8df404d4814bfb76a4cd74272010ae3
c934979075a448416282fb0493f7f49d,0,0,0,0,0,0,4,2,3,4,0,1048576,samples/malicious/c934979075a448416282fb0493f7f49d
c99ccec3e34b01eaed08c5b75f16b2f2,0,0,0,0,0,0,4,2,3,4,0,1048576,samples/malicious/c99ccec3e34b01eaed08c5b75f16b2f2
c9b36e4dafdec8a96c7da714caba1e06,0,0,0,0,0,0,0,7,3,4,0,1048576,samples/malicious/c9b36e4dafdec8a96c7da714caba1e06
ca86313ac11c088327dd0ff08e9107ad,0,0,0,0,0,0,5,7,3,4,0,1048576,samples/malicious/ca86313ac11c088327dd0ff08e9107ad
cbf0cce004d0e64397992d8eea513bc1,0,0,0,0,0,0,5,2,3,4,0,1048576,samples/malicious/cbf0cce004d0e64397992d8eea513bc1
cc08b64081d669d0c99d4ad670cb24b2,0,0,0,0,0,0,4,0,3,4,0,1048576,samples/malicious/cc08b64081d669d0c99d4ad670cb24b2
cc7c61c987f055ab84a9aa1d69e27b63,0,0,0,0,0,0,5,0,3,4,0,1048576,samples/malicious/cc7c61c987f055ab84a9aa1d69e27b63
cc7eee7d185e2a212e4d8262073cc7f7,0,0,0,0,0,20480,4,7,4,4,0,1048576,samples/malicious/cc7eee7d185e2a212e4d8262073cc7f7
cd1d967ea834adb09e54c5a248d88b32,0,0,0,0,0,20480,0,4,4,4,0,1048576,samples/malicious/cd1d967ea834adb09e54c5a248d88b32
cd491d8faaad0924c97a132910ffd89c,0,0,0,0,0,20480,5,7,4,4,0,1048576,samples/malicious/cd491d8faaad0924c97a132910ffd89c
ce0d8a431640e64262657a63b6cb97de,0,0,0,0,0,0,0,4,3,4,0,1048576,samples/malicious/ce0d8a431640e64262657a63b6cb97de
ce914b5efc34c66a6bf7af98a53eed04,0,0,0,0,0,16384,5,7,4,4,0,1048576,samples/malicious/ce914b5efc34c66a6bf7af98a53eed04
cece4024e0e3764a748b9171c4c1d42c,0,0,0,0,0,0,4,7,3,4,0,1048576,samples/malicious/cece4024e0e3764a748b9171c4c1d42c
cedf21e0393a3ba66805fcb9e0d73379,0,0,0,0,0,0,5,6,3,4,0,1048576,samples/malicious/cedf21e0393a3ba66805fcb9e0d73379
cf35b0d5b985fcb6484dddf12f0d9143,0,0,0,0,0,0,4,7,3,4,0,1048576,samples/malicious/cf35b0d5b985fcb6484dddf12f0d9143
cf3f07c1a608dfb65addf39bde1d5099,0,0,0,0,0,0,4,7,3,4,0,1048576,samples/malicious/cf3f07c1a608dfb65addf39bde1d5099
cfc454f3-dd4f-11e6-b4a1-80e65024849a.file,333552,28,0,0,0,331776,0,7,4,4,627336,1048576,samples/malicious/cfc454f3-dd4f-11e6-b4a1-80e65024849a.file
d01320b8eec19148a1b78ccc450e9010,0,0,0,0,0,20480,5,7,4,4,0,1048576,samples/malicious/d01320b8eec19148a1b78ccc450e9010
d09e4151f4aa754789f4ab1e2d5d3297,0,0,0,0,0,20480,4,0,4,4,0,1048576,samples/malicious/d09e4151f4aa754789f4ab1e2d5d3297
d12cb9613cd8dafad1ca75d5f93d5fec,0,0,0,0,0,0,0,4,3,4,0,1048576,samples/malicious/d12cb9613cd8dafad1ca75d5f93d5fec
d138eab01f7dca8b3f30d6bdcc471c4e,0,0,0,0,0,0,5,2,3,4,0,1048576,samples/malicious/d138eab01f7dca8b3f30d6bdcc471c4e
d1a55476c1a1786f5787421e47e6fe46,0,0,0,0,0,20480,4,4,4,4,0,1048576,samples/malicious/d1a55476c1a1786f5787421e47e6fe46
d1e8f4fa991b337e37221ff3c72838b3,0,0,0,0,0,20480,0,4,4,4,0,1048576,samples/malicious/d1e8f4fa991b337e37221ff3c72838b3
d7a433f1c4fbd7b38bebdc6f67fa5687,0,0,0,0,0,0,5,2,3,4,0,1048576,samples/malicious/d7a433f1c4fbd7b38bebdc6f67fa5687
d7ccd4b3-db13-11e6-aaf8-80e65024849a.file,0,0,33216,0,0,0,6,9,3,4,21708,262144,samples/malicious/d7ccd4b3-db13-11e6-aaf8-80e65024849a.file
d827af7f090a488019622c87fcaa3dd3,0,0,0,0,0,28672,0,6,4,4,0,1048576,samples/malicious/d827af7f090a488019622c87fcaa3dd3
dabe75ee-d84b-11e6-9900-80e65024849a.file,0,0,33024,0,0,12288,0,10,4,5,195128,1048576,samples/malicious/dabe75ee-d84b-11e6-9900-80e65024849a.file
db1fbb477af6c9705317a220140bdd89,0,0,0,0,0,16384,4,5,4,4,0,1048576,samples/malicious/db1fbb477af6c9705317a220140bdd89
db53f71e8b9fcf8ee3c0bb1799769691,0,0,0,0,0,0,0,6,3,4,0,1048576,samples/malicious/db53f71e8b9fcf8ee3c0bb1799769691
dcf0853d-d84b-11e6-9629-80e65024849a.file,345888,28,0,0,0,344064,0,7,4,4,877720,1048576,samples/malicious/dcf0853d-d84b-11e6-9629-80e65024849a.file
dd8a4c85cae6728228924532bc49304a,0,0,0,0,0,20480,4,7,4,4,0,1048576,samples/malicious/dd8a4c85cae6728228924532bc49304a
de80119e186e7acc50ef392a14a53dda,0,0,0,0,0,0,0,6,3,4,0,1048576,samples/malicious/de80119e186e7acc50ef392a14a53dda
ded0c627a67159dfa6b38f5c121c9d8b,0,0,0,0,0,20480,5,5,4,4,0,1048576,samples/malicious/ded0c627a67159dfa6b38f5c121c9d8b
dfc4b5f3559ffbccaf7d003fbf5577f4,0,0,0,0,0,0,5,2,3,4,0,1048576,samples/malicious/dfc4b5f3559ffbccaf7d003fbf5577f4
e00ad72976d1d3b06f485516eac14a5b,0,0,0,0,0,0,5,2,3,4,0,1048576,samples/malicious/e00ad72976d1d3b06f485516eac14a5b
e08c7f14-dcda-11e6-a775-80e65024849a.file,0,0,33024,0,0,12288,0,10,4,5,195128,1048576,samples/malicious/e08c7f14-dcda-11e6-a775-80e65024849a.file
e1148d30f292f8db1f3c38c5e4437628,0,0,0,0,0,0,5,6,3,4,0,1048576,samples/malicious/e1148d30f292f8db1f3c38c5e4437628
e15be96a41281a30a1f1b8924c48103d,0,0,0,0,0,20480,0,7,4,4,0,1048576,samples/malicious/e15be96a41281a30a1f1b8924c48103d
e160e5eb-dcda-11e6-a371-80e65024849a.file,345888,28,0,0,0,344064,0,7,4,4,877720,1048576,samples/malicious/e160e5eb-dcda-11e6-a371-80e65024849a.file
e1e2ccf2c05e3451a76555e56c40f6ef,0,0,0,0,0,0,5,5,3,4,0,1048576,samples/malicious/e1e2ccf2c05e3451a76555e56c40f6ef
e26a24ad8f54903c78ed18c03cf21737,0,0,0,0,0,0,5,7,3,4,0,1048576,samples/malicious/e26a24ad8f54903c78ed18c03cf21737
e2df92ebbc87d2d080de699f0842a402,0,0,0,0,0,20480,0,7,4,4,0,1048576,samples/malicious/e2df92ebbc87d2d080de699f0842a402
e300885c904fd7dce28670387648a023,0,0,0,0,0,20480,4,4,4,4,0,1048576,samples/malicious/e300885c904fd7dce28670387648a023
e3927b51-d84b-11e6-9987-80e65024849a.file,0,0,0,0,0,88872,0,2,4,4,0,1048576,samples/malicious/e3927b51-d84b-11e6-9987-80e65024849a.file
e43e8650f54d8a268afe35c7d5b63234,0,0,0,0,0,0,5,7,3,4,0,1048576,samples/malicious/e43e8650f54d8a268afe35c7d5b63234
e46bbb38-d84b-11e6-9541-80e65024849a.file,53248,28,320,0,0,49820,0,14,8,6,180948,1048576,samples/malicious/e46bbb38-d84b-11e6-9541-80e65024849a.file
e56e1fb0-dcda-11e6-b8c8-80e65024849a.file,333552,28,0,0,0,331776,0,7,4,4,627336,1048576,samples/malicious/e56e1fb0-dcda-11e6-b8c8-80e65024849a.file
e6204ab5-d84b-11e6-b428-80e65024849a.file,0,0,33216,0,0,0,6,9,3,4,21708,262144,samples/malicious/e6204ab5-d84b-11e6-b428-80e65024849a.file
e6935651-e60e-11e6-a846-80e65024849a.file,0,0,33024,0,0,12288,0,10,4,5,195128,1048576,samples/malicious/e6935651-e60e-11e6-a846-80e65024849a.file
e6dce5864be64332b7197d282bb953f2,0,0,0,0,0,20480,0,6,4,4,0,1048576,samples/malicious/e6dce5864be64332b7197d282bb953f2
e72f31d9-e60e-11e6-9ba9-80e65024849a.file,345888,28,0,0,0,344064,0,7,4,4,877720,1048576,samples/malicious/e72f31d9-e60e-11e6-9ba9-80e65024849a.file
e7a311c6f3996448760ec5b3b1285a56,0,0,0,0,0,0,4,7,3,4,0,1048576,samples/malicious/e7a311c6f3996448760ec5b3b1285a56
e7e973ea7cd27ca6556f632ea0c0e5d7,0,0,0,0,0,0,5,2,3,4,0,1048576,samples/malicious/e7e973ea7cd27ca6556f632ea0c0e5d7
e9213e79bd11207ed6a074c037209206,0,0,0,0,0,0,5,6,3,4,0,1048576,samples/malicious/e9213e79bd11207ed6a074c037209206
e932d80985dfd1992edb9b67157d7db4,0,0,0,0,0,0,4,4,3,4,0,1048576,samples/malicious/e932d80985dfd1992edb9b67157d7db4
e99f474a4ee9ac39f9bebd6c2d0b58e0,0,0,0,0,0,20480,5,7,4,4,0,1048576,samples/malicious/e99f474a4ee9ac39f9bebd6c2d0b58e0
e9decd6b-d1f2-11e6-b7e9-80e65024849a.file,0,0,33024,0,0,12288,0,10,4,5,195128,1048576,samples/malicious/e9decd6b-d1f2-11e6-b7e9-80e65024849a.file
e9f1136b-dcda-11e6-a6b0-80e65024849a.file,345888,28,0,0,0,344064,0,7,4,4,877720,1048576,samples/malicious/e9f1136b-dcda-11e6-a6b0-80e65024849a.file
ea459d3a-d1f2-11e6-8f01-80e65024849a.file,345888,28,0,0,0,344064,0,7,4,4,877720,1048576,samples/malicious/ea459d3a-d1f2-11e6-8f01-80e65024849a.file
eaa153d1-db13-11e6-8280-80e65024849a.file,0,0,33024,0,0,12288,0,10,4,5,195128,1048576,samples/malicious/eaa153d1-db13-11e6-8280-80e65024849a.file
eabfaee6-cf3a-11e6-94ad-80e65024849a.file,0,0,0,0,0,88872,0,2,4,4,0,1048576,samples/malicious/eabfaee6-cf3a-11e6-94ad-80e65024849a.file
eb273d11-db13-11e6-a0d1-80e65024849a.file,345888,28,0,0,0,344064,0,7,4,4,877720,1048576,samples/malicious/eb273d11-db13-11e6-a0d1-80e65024849a.file
eb2cb959-cf3a-11e6-88b5-80e65024849a.file,53248,28,320,0,0,49820,0,14,8,6,180948,1048576,samples/malicious/eb2cb959-cf3a-11e6-88b5-80e65024849a.file
ec7f622b-e60e-11e6-bb40-80e65024849a.file,333552,28,0,0,0,331776,0,7,4,4,627336,1048576,samples/malicious/ec7f622b-e60e-11e6-bb40-80e65024849a.file
eccfd1e8-dcda-11e6-8773-80e65024849a.file,0,0,0,0,0,88872,0,2,4,4,0,1048576,samples/malicious/eccfd1e8-dcda-11e6-8773-80e65024849a.file
edbc8d28-dcda-11e6-bf98-80e65024849a.file,53248,28,320,0,0,49820,0,14,8,6,180948,1048576,samples/malicious/edbc8d28-dcda-11e6-bf98-80e65024849a.file
edde5dc5-d1f2-11e6-bc1d-80e65024849a.file,0,0,0,0,0,88872,0,2,4,4,0,1048576,samples/malicious/edde5dc5-d1f2-11e6-bc1d-80e65024849a.file
ee41786e-d1f2-11e6-8599-80e65024849a.file,53248,28,320,0,0,49820,0,14,8,6,180948,1048576,samples/malicious/ee41786e-d1f2-11e6-8599-80e65024849a.file
ef902c9e-e60e-11e6-8fba-80e65024849a.file,345888,28,0,0,0,344064,0,7,4,4,877720,1048576,samples/malicious/ef902c9e-e60e-11e6-8fba-80e65024849a.file
effc4d22a066fcea919f392112762e14,0,0,0,0,0,0,4,7,3,4,0,1048576,samples/malicious/effc4d22a066fcea919f392112762e14
f021ad6f27029c1ae0913ccc132dff15,0,0,0,0,0,20480,5,6,4,4,0,1048576,samples/malicious/f021ad6f27029c1ae0913ccc132dff15
f07515494525b9e6a89365d68cd596a9,0,0,0,0,0,0,0,5,3,4,0,1048576,samples/malicious/f07515494525b9e6a89365d68cd596a9
f0d24d54-db13-11e6-bba6-80e65024849a.file,345888,28,0,0,0,344064,0,7,4,4,877720,1048576,samples/malicious/f0d24d54-db13-11e6-bba6-80e65024849a.file
f176680954d66b4ba3b423c678946c8d,0,0,0,0,0,20480,0,7,4,4,0,1048576,samples/malicious/f176680954d66b4ba3b423c678946c8d
f1c0bf2a7d883911bfb14e502600c1f1,0,0,0,0,0,0,0,7,3,4,0,1048576,samples/malicious/f1c0bf2a7d883911bfb14e502600c1f1
f3bb6345-dd4f-11e6-9d17-80e65024849a.file,345888,28,0,0,0,344064,0,7,4,4,877720,1048576,samples/malicious/f3bb6345-dd4f-11e6-9d17-80e65024849a.file
f3f8bb06e0035d034fd20e88c7268abc,0,0,0,0,0,0,4,4,3,4,0,1048576,samples/malicious/f3f8bb06e0035d034fd20e88c7268abc
f432a05341ff94f059c454f98bbd0e9b,0,0,0,0,0,16384,5,7,4,4,0,1048576,samples/malicious/f432a05341ff94f059c454f98bbd0e9b
f4ae7a366237285c388921d107c56052,0,0,0,0,0,20480,5,7,4,4,0,1048576,samples/malicious/f4ae7a366237285c388921d107c56052
f4ef386b-e60e-11e6-82dd-80e65024849a.file,0,0,0,0,0,88872,0,2,4,4,0,1048576,samples/malicious/f4ef386b-e60e-11e6-82dd-80e65024849a.file
f4ef9b1c-db13-11e6-a66d-80e65024849a.file,0,0,0,0,0,88872,0,2,4,4,0,1048576,samples/malicious/f4ef9b1c-db13-11e6-a66d-80e65024849a.file
f547880299036fe1fec5e754a5088c59,0,0,0,0,0,0,5,2,3,4,0,1048576,samples/malicious/f547880299036fe1fec5e754a5088c59
f56c1cf3-e60e-11e6-b1ca-80e65024849a.file,53248,28,320,0,0,49820,0,14,8,6,180948,1048576,samples/malicious/f56c1cf3-e60e-11e6-b1ca-80e65024849a.file
f5780ea3-db13-11e6-be80-80e65024849a.file,53248,28,320,0,0,49820,0,14,8,6,180948,1048576,samples/malicious/f5780ea3-db13-11e6-be80-80e65024849a.file
f63191aa6f533e10d75abb87af8553ef,0,0,0,0,0,20480,5,7,4,4,0,1048576,samples/malicious/f63191aa6f533e10d75abb87af8553ef
f79f36d4fc9f975f1941bc722de90bb7,0,0,0,0,0,20480,5,2,4,4,0,1048576,samples/malicious/f79f36d4fc9f975f1941bc722de90bb7
f7f5b5bc3c6ed253a19384557bd97f90,0,0,0,0,0,0,5,6,3,4,0,1048576,samples/malicious/f7f5b5bc3c6ed253a19384557bd97f90
f7fc8085-d262-11e6-9c0c-80e65024849a.file,0,0,33024,0,0,12288,0,10,4,5,195128,1048576,samples/malicious/f7fc8085-d262-11e6-9c0c-80e65024849a.file
f8003442cb9d2674a2d5ae956bef6746,0,0,0,0,0,0,4,5,3,4,0,1048576,samples/malicious/f8003442cb9d2674a2d5ae956bef6746
f8150cc71c618b7f4db84a2275bbd7ee,0,0,0,0,0,0,5,6,3,4,0,1048576,samples/malicious/f8150cc71c618b7f4db84a2275bbd7ee
f8506459-d262-11e6-8ba3-80e65024849a.file,345888,28,0,0,0,344064,0,7,4,4,877720,1048576,samples/malicious/f8506459-d262-11e6-8ba3-80e65024849a.file
f886b641aaf424a4ce69c69a14ead9a9,0,0,0,0,0,20480,4,7,4,4,0,1048576,samples/malicious/f886b641aaf424a4ce69c69a14ead9a9
f8af4631010120ada7c8e29ca2657ce0,0,0,0,0,0,0,4,5,3,4,0,1048576,samples/malicious/f8af4631010120ada7c8e29ca2657ce0
f9a878bae6f2014047272e31ddf26754,0,0,0,0,0,4096,1,6,3,4,150412,1048576,samples/malicious/f9a878bae6f2014047272e31ddf26754
fab792fa-dd4f-11e6-9187-80e65024849a.file,0,0,0,0,0,88872,0,2,4,4,0,1048576,samples/malicious/fab792fa-dd4f-11e6-9187-80e65024849a.file
fbddb985-d262-11e6-82aa-80e65024849a.file,0,0,0,0,0,88872,0,2,4,4,0,1048576,samples/malicious/fbddb985-d262-11e6-82aa-80e65024849a.file
fc8654ae-dd4f-11e6-a2bc-80e65024849a.file,53248,28,320,0,0,49820,0,14,8,6,180948,1048576,samples/malicious/fc8654ae-dd4f-11e6-a2bc-80e65024849a.file
fc99b04f-d262-11e6-96ee-80e65024849a.file,53248,28,320,0,0,49820,0,14,8,6,180948,1048576,samples/malicious/fc99b04f-d262-11e6-96ee-80e65024849a.file
fcd96b9070497134b64031a61c64dbdf,0,0,0,0,0,0,4,7,3,4,0,1048576,samples/malicious/fcd96b9070497134b64031a61c64dbdf
fcf5e92353cda664fb91b0bbe6dd239e,0,0,0,0,0,0,5,7,3,4,0,1048576,samples/malicious/fcf5e92353cda664fb91b0bbe6dd239e
fdc2b7bf1071bc881a9bea7dcfbc77b9,0,0,0,0,0,20480,0,4,4,4,0,1048576,samples/malicious/fdc2b7bf1071bc881a9bea7dcfbc77b9
fe8cf66a50e16c4484d804d4d115f5eb,0,0,0,0,0,20480,4,7,4,4,0,1048576,samples/malicious/fe8cf66a50e16c4484d804d4d115f5eb
fe9d855f370226248865256e4d0f8aa1,0,0,0,0,0,0,5,7,3,4,0,1048576,samples/malicious/fe9d855f370226248865256e4d0f8aa1
feae2930-cf3a-11e6-8bd6-80e65024849a.file,0,0,33024,0,0,12288,0,10,4,5,195128,1048576,samples/malicious/feae2930-cf3a-11e6-8bd6-80e65024849a.file
fef0eca8cedfe8ef15e0e0d334493e5e,0,0,0,0,0,0,5,2,3,4,0,1048576,samples/malicious/fef0eca8cedfe8ef15e0e0d334493e5e
ff161fcc-cf3a-11e6-9fc8-80e65024849a.file,345888,28,0,0,0,344064,0,7,4,4,877720,1048576,samples/malicious/ff161fcc-cf3a-11e6-9fc8-80e65024849a.file
